Código Axapta;Nombre comercial producto;Principio Activo;contenido;Precio aprobado x umc;Precio aprobado x presentac; Precio Regulado 10% o 15% TAB ; Precio Regulado X Pres. ; código cliente ;Nombre Cliente;Vigencia Desde;Hasta;Convenio;Observaciones;;
001-006-036;ABRILAR FCO 100 ML;Hedera Helix;1;15000;15000;;;2335;Farmaceres SA;01/08/2019;31/07/2020;;;;
001-006-034;ABRILAR JARABE FCO X 200 ML;Hedera Helix;1;32515;32515;;;2335;Farmaceres SA;01/08/2019;31/07/2020;;;;
001-008-003;ACRYLARM GEL X 10 GRS;Acido Poliacrílico 2 mg;1;18000;18000;;;2335;Farmaceres SA;01/08/2019;31/07/2020;;;;
001-008-201;ACRYLARM PLUS X 10 G;Acido Poliacrílico 2 mg (Carbomero 02%);1;35000;35000;;;2335;Farmaceres SA;01/08/2019;31/07/2020;;;;
001-006-622;ALACIR 30 MG X 30;Duloxetina 30 mg;30;800;24000;;;2335;Farmaceres SA;01/08/2019;31/07/2020;;;;
001-006-623;ALACIR 60 MG X 30;Duloxetina 60 mg;30;1500;45000;;;2335;Farmaceres SA;01/08/2019;31/07/2020;;;;
001-500-001;ALERGIBON AVENA X 90 G;Jabón suave con Avena;1;10525;10525;;;2335;Farmaceres SA;01/08/2019;31/07/2020;;;;
001-004-004;ALERGIBON BABY KIDS X 150G;Jabón Emoliente con Glicerina y extracto de Avena;1;13077;13077;;;2335;Farmaceres SA;01/08/2019;31/07/2020;;;;
001-004-006;ALERGIBON CLEAR X 90 G;Jabón suave con Glicerina;1;10624;10624;;;2335;Farmaceres SA;01/08/2019;31/07/2020;;;;
001-004-011;ALERGIBON LECHE X 90 G;Jabón suave emoliente;1;10525;10525;;;2335;Farmaceres SA;01/08/2019;31/07/2020;;;;
001-110-001;ALGI B CAJA X 20 TABLETAS;Acetaminofen 325 mg + Tizanidina 2 mg;20;678;13551;;;2335;Farmaceres SA;01/08/2019;31/07/2020;;;;
001-006-007;AMOXIDAL DUO 750 MG SUSP X 120 ML + AGUA + JERINGA;Amoxicilina 750 mg / 5 ml;1;32562;32562;;;2335;Farmaceres SA;01/08/2019;31/07/2020;;;;
001-006-001;AMOXIDAL DUO SUSP 750 MG X 70 ML;Amoxicilina 750 mg / 5 ml;1;25760;25760;;;2335;Farmaceres SA;01/08/2019;31/07/2020;;;;
001-006-006;AMOXIDAL DUO X 14 COMP 875 MG;Amoxicilina 875 mg;14;2653;37138;;;2335;Farmaceres SA;01/08/2019;31/07/2020;;;;
001-006-008;AMOXIDAL DUO X 21 COMP 875 MG;Amoxicilina 875 mg;21;2387;50136;;;2335;Farmaceres SA;01/08/2019;31/07/2020;;;;
001-110-004;APROLAC 80 MG CAJA X 30 TABLETAS;Isoflavonas de Soya 80 mg;30;395;11864;;;2335;Farmaceres SA;01/08/2019;31/07/2020;;;;
001-110-005;ARAMAX 25/50 X 30 CAPSULAS;Amlodipino 25 + Losartan 50 mg;30;1407;42207;;;2335;Farmaceres SA;01/08/2019;31/07/2020;;;;
001-110-006;ARAMAX 5/100 X 30 CAPSULAS;Amlodipino 5 mg + Losartan 100 mg;30;1963;58883;;;2335;Farmaceres SA;01/08/2019;31/07/2020;;;;
001-110-003;ARAMAX 5/50 X 30 CAPSULAS;Amlodipino 5 mg + Losartan Potásico 50 mg;30;2031;60915;;;2335;Farmaceres SA;01/08/2019;31/07/2020;;;;
001-110-009;ARTRICLOX 15 MG CAJA X 10 TAB;Meloxicam 15 mg;10;351;3514;;;2335;Farmaceres SA;01/08/2019;31/07/2020;;;;
001-110-010;ARTRICLOX 15 MG X 1 AMPOLLA;Meloxicam 15 mg / 15 ML;1;2603;2603;;;2335;Farmaceres SA;01/08/2019;31/07/2020;;;;
001-008-161;ATERGIT 5 ML;Epinastina HCl 005% solución oftálmica;1;48000;48000;;;2335;Farmaceres SA;01/08/2019;31/07/2020;;;;
001-500-027;AVITIL GEL X 50 G;Extramel;1;54558;54558;;;2335;Farmaceres SA;01/08/2019;31/07/2020;;;;
001-500-029;BABYSKIN CREMA X 60 G;Oxido de zinc 40% Pantenol Alantoina Bisabolol;1;12778;12778;;;2335;Farmaceres SA;01/08/2019;31/07/2020;;;;
001-500-025;BABYSKIN N CREMA X 30 G;Oxido de zinc 40% Nistatina 100000 UI/g;1;13244;13244;;;2335;Farmaceres SA;01/08/2019;31/07/2020;;;;
001-500-002;BETAGRANULOS CREMA X 60 G;Gránulos de polietileno cloruro de Benzalconio;1;37335;37335;;;2335;Farmaceres SA;01/08/2019;31/07/2020;;;;
001-500-013;BETAPIROX CHAMPU X 120 ML;Piroctona Olamina 1% con acondicionador;1;31865;31865;;;2335;Farmaceres SA;01/08/2019;31/07/2020;;;;
001-500-021;BETARRETIN 0025% CREMA X 30  G;Acido Retinoico 0025% (Tretinoina);1;34524;34524;;;2335;Farmaceres SA;01/08/2019;31/07/2020;;;;
001-500-031;BETARRETIN 0025% GEL X 30 G;Acido Retinoico 0025% (Tretinoina);1;25000;25000;;;2335;Farmaceres SA;01/08/2019;31/07/2020;;;;
001-500-041;BETARRETIN 005% CREMA X 30 G;Acido Retinoico 005% (Tretinoina);1;27332;27332;;;2335;Farmaceres SA;01/08/2019;31/07/2020;;;;
001-500-051;BETARRETIN 005% LOCION X 60  ML;Acido Retinoico 005% (Tretinoina);1;26613;26613;;;2335;Farmaceres SA;01/08/2019;31/07/2020;;;;
001-500-069;BETARRETIN H CREMA X 30G  HQ 4%;Acido Retinoico 005% + Hidroquinona 4%;1;35000;35000;;;2335;Farmaceres SA;01/08/2019;31/07/2020;;;;
001-500-073;BETARRETIN H LOCION x 60 ML HQ 4%;Acido Retinoico 005% + Hidroquinona 4%;1;35000;35000;;;2335;Farmaceres SA;01/08/2019;31/07/2020;;;;
001-500-006;BETAZOL CREMA X 30 G;Propionato de Clobetasol 005%;1;19500;19500;;;2335;Farmaceres SA;01/08/2019;31/07/2020;;;;
001-500-007;BETAZOL ESPUMA X 50 G;Clobetasol Propionato 005%;1;34187;34187;;;2335;Farmaceres SA;01/08/2019;31/07/2020;;;;
001-001-091;BETAZOL LOCION X 60 ML;Propionato de Clobetasol 005%;1;29680;29680;;;2335;Farmaceres SA;01/08/2019;31/07/2020;;;;
001-004-061;BONAC GEL 4% X 30 G;Eritromicina 4%;1;31797;31797;;;2335;Farmaceres SA;01/08/2019;31/07/2020;;;;
001-004-071;BONAC LOCION X 60 ML;Eritromicina 2%;1;30245;30245;;;2335;Farmaceres SA;01/08/2019;31/07/2020;;;;
001-500-101;BONAVEN BARRA X 120 G;Limpiador tipo Syndet + Avena Coloidal;1;25887;25887;;;2335;Farmaceres SA;01/08/2019;31/07/2020;;;;
001-500-111;BONAVEN LOCION X 120 ML;Limpiador tipo Syndet + Avena Coloidal;1;25887;25887;;;2335;Farmaceres SA;01/08/2019;31/07/2020;;;;
001-013-005;Botemib  35mg/10ml Polvo para solución inyectable x 1 PT;Bortezomib 35 mg;1;900000;900000;;;2335;Farmaceres SA;01/08/2019;31/07/2020;;;;
001-110-192;BRISEN 10 MG CAJA X 30 TABLETAS;Ambrisentan;30;321271;9638120;;;2335;Farmaceres SA;01/08/2019;31/07/2020;;;;
001-110-191;BRISEN 5 MG CAJA X 30 TABLETAS;Ambrisentan;30;160636;4819068;;;2335;Farmaceres SA;01/08/2019;31/07/2020;;;;
001-110-016;BROMUX 100 MG CAJA X 20 TABLETAS;Bromuro Pinaverio 100 mg;20;3590;71799;;;2335;Farmaceres SA;01/08/2019;31/07/2020;;;;
001-110-018;BROMUX D  CAJA X 30 CAP;Bromuro de Pinaverio 100 mg + Simeticona equivalente a Dimeticona 300 mg;30;2152;64557;;;2335;Farmaceres SA;01/08/2019;31/07/2020;;;;
001-110-019;CANDEPREX 16 MG X 30 TAB;Candesartán Cilexetilo 16 mg;30;840;25199;;;2335;Farmaceres SA;01/08/2019;31/07/2020;;;;
001-110-020;CANDEPREX 32 MG X 30 TAB;Candesartán Cilexetilo 32 mg;30;1680;50397;;;2335;Farmaceres SA;01/08/2019;31/07/2020;;;;
001-110-021;CANDEPREX 8 MG X 30 TAB;Candesartán Cilexetilo 8 mg;30;420;12599;;;2335;Farmaceres SA;01/08/2019;31/07/2020;;;;
001-110-022;CANDEPREX A 16/5  MG X 30 TAB;Candesartán Cilexetil 16 mg + Amlodipino 5 mg;30;1620;48600;;;2335;Farmaceres SA;01/08/2019;31/07/2020;;;;
001-110-023;CANDEPREX A 32/5  MG X 30 TAB;Candesartán Cilexetil 32 mg + Amlodipino 5 mg;30;3241;97230;;;2335;Farmaceres SA;01/08/2019;31/07/2020;;;;
001-110-024;CANDEPREX H 16/125 MG X 30 TABLETAS;Candesartan cilexetil 16 mg + Hidroclorotiazida 125 mg/HCT;30;1440;43198;;;2335;Farmaceres SA;01/08/2019;31/07/2020;;;;
001-110-027;CARVEDIL 125 MG CAJA X 30 TAB;Carvedilol 125 mg;30;445;13338;;;2335;Farmaceres SA;01/08/2019;31/07/2020;;;;
001-110-029;CARVEDIL 25 MG CAJA X 30 TAB;Carvedilol 25 mg;30;889;26676;;;2335;Farmaceres SA;01/08/2019;31/07/2020;;;;
001-110-031;CARVEDIL 625 MG X 30 TABLETAS;Carvedilol 625 mg;30;222;6669;;;2335;Farmaceres SA;01/08/2019;31/07/2020;;;;
001-500-085;CETOPIC X 50 G;Vitamina C (Ascorbil fosfato de Sodio);1;66328;66328;;;2335;Farmaceres SA;01/08/2019;31/07/2020;;;;
001-006-401;CEUMID 1000 MG X 30;Levetiracetam 1000 mg;30;750;22500;;;2335;Farmaceres SA;01/08/2019;31/07/2020;;;;
001-006-411;CEUMID 500 MG X 30;Levetiracetam 500 mg;30;370;11100;;;2335;Farmaceres SA;01/08/2019;31/07/2020;;;;
001-006-550;CICLORELAX 10 MG X 20 TABS;Ciclobenzaprina 10 mg;20;2070;41400;;;2335;Farmaceres SA;01/08/2019;31/07/2020;;;;
001-110-035;COLESTIR 10/20 MG X 30 TABLETAS;Ezetimiba 10 mg + Atorvastatina 20 mg ;30;5168;155029;;;2335;Farmaceres SA;01/08/2019;31/07/2020;;;;
001-110-037;COLESTIR 10/40 MG X 30 TABLETAS;Ezetimiba 10 mg + Atorvastatina 40 mg ;30;10335;310057;;;2335;Farmaceres SA;01/08/2019;31/07/2020;;;;
001-500-125;DERMACORTINE CREMA X 15 G;Mometasona Furoato 01%;1;35839;35839;;;2335;Farmaceres SA;01/08/2019;31/07/2020;;;;
001-500-128;DERMACORTINE EMULSION X 60 ML;Mometasona Furoato 01%;1;74363;74363;;;2335;Farmaceres SA;01/08/2019;31/07/2020;;;;
001-500-126;DERMACORTINE LOCION X 30 ML;Mometasona Furoato 01%;1;56533;56533;;;2335;Farmaceres SA;01/08/2019;31/07/2020;;;;
001-500-133;DERMOSUPRIL 005% CREMA X 15 G;Desonida 005%;1;12063;12063;;;2335;Farmaceres SA;01/08/2019;31/07/2020;;;;
001-500-143;DERMOSUPRIL 01% CREMA X 15 G;Desonida 01%;1;12968;12968;;;2335;Farmaceres SA;01/08/2019;31/07/2020;;;;
001-500-163;DERMOSUPRIL EMULSION X 120 ML;Desonida 005%;1;35000;35000;;;2335;Farmaceres SA;01/08/2019;31/07/2020;;;;
001-500-129;DERMOSUPRIL ESPUMA X 50 G;Desonida Micronizada 005%;1;36466;36466;;;2335;Farmaceres SA;01/08/2019;31/07/2020;;;;
001-004-151;DESONIDA CLIOQUINOL CREMA X 15 G;Desonida 01 g + Clioquinol 3 g;1;16123;16123;;;2335;Farmaceres SA;01/08/2019;31/07/2020;;;;
001-004-131;DESONIDA CREMA 005 % X 15 G;Desonida 005%;1;8956;8956;;;2335;Farmaceres SA;01/08/2019;31/07/2020;;;;
001-004-141;DESONIDA CREMA 01 % X 15 G;Desonida 01%;1;6000;6000;;;2335;Farmaceres SA;01/08/2019;31/07/2020;;;;
001-004-161;DESONIDA EMULSION X 120 ML;Desonida 005%;1;30126;30126;;;2335;Farmaceres SA;01/08/2019;31/07/2020;;;;
001-004-171;DESONIDA LOCION X 30 ML;Desonida 01%;1;19093;19093;;;2335;Farmaceres SA;01/08/2019;31/07/2020;;;;
001-006-078;DEXLANZOPRAL 30 MG X 30 Caps;Dexlansoprazol 30 mg;30;4587;137607;;;2335;Farmaceres SA;01/08/2019;31/07/2020;;;;
001-006-079;DEXLANZOPRAL 60 MG X 30 Caps;Dexlansoprazol 60 mg;30;5305;159161;;;2335;Farmaceres SA;01/08/2019;31/07/2020;;;;
001-003-043;DIANTAL 400 MG X 100 TABS;Ibuprofeno Lisinato 400 mg;100;884;88420;;;2335;Farmaceres SA;01/08/2019;31/07/2020;;;;
001-003-075;DIANTAL 600 MG X 10 TAB;Ibuprofeno Lisinato 600 mg;10;1607;16068;;;2335;Farmaceres SA;01/08/2019;31/07/2020;;;;
001-003-074;DIANTAL 600 MG X 100 TABS;Ibuprofeno Lisinato 600 mg;100;1346;134553;;;2335;Farmaceres SA;01/08/2019;31/07/2020;;;;
001-003-083;DIANTAL 800 MG X 100 TABS;Ibuprofeno Lisinato 800 mg;100;1512;151212;;;2335;Farmaceres SA;01/08/2019;31/07/2020;;;;
001-003-084;DIANTAL 800 X 10TAB;Ibuprofeno Lisinato 800 mg;10;1806;18058;;;2335;Farmaceres SA;01/08/2019;31/07/2020;;;;
001-003-021;DIANTAL SUSP FRESA X 120 ML;Ibuprofeno Lisinato 100 mg / 5 ml;1;12116;12116;;;2335;Farmaceres SA;01/08/2019;31/07/2020;;;;
001-110-040;DIUREX 25 MG CAJA X  10 TAB;Indapamida 25 mg;10;542;5418;;;2335;Farmaceres SA;01/08/2019;31/07/2020;;;;
001-006-060;DORIXINA RELAX X 100 COMP;Clonixinato de Lisina 125 mg Ciclobenzaprina Clorhidrato 5 mg;100;1300;130000;;;2335;Farmaceres SA;01/08/2019;31/07/2020;;;;
001-006-053;DORIXINA RELAX X 20 COMP;Clonixinato de Lisina 125 mg Ciclobenzaprina Clorhidrato 5 mg;20;1300;26000;;;2335;Farmaceres SA;01/08/2019;31/07/2020;;;;
001-110-042;DUOLIP 20/10 MG  X 30 TABLETAS;Simvastatina 20 mg + Ezetimiba 10 mg;30;1521;45640;;;2335;Farmaceres SA;01/08/2019;31/07/2020;;;;
001-110-043;DUOLIP 40/10 MG  X 30 TABLETAS;Simvastatina 40 mg + Ezetimiba 10 mg;30;1100;33000;;;2335;Farmaceres SA;01/08/2019;31/07/2020;;;;
001-110-044;DUOVAL 10/160 MG  X 30 TABLETAS;Amlodipino 10 mg + Valsartan 160 mg;30;1561;46842;;;2335;Farmaceres SA;01/08/2019;31/07/2020;;;;
001-110-045;DUOVAL 5/160 MG  X 30 TABLETAS;Amlodipino 5 mg + Valsartan 160 mg;30;1060;31796;;;2335;Farmaceres SA;01/08/2019;31/07/2020;;;;
001-110-046;DUOVAL 5/80 MG  X 30 TABLETAS;Amlodipino 5 mg + Valsartan 80 mg;30;888;26631;;;2335;Farmaceres SA;01/08/2019;31/07/2020;;;;
001-110-047;DUOVAL H 10/160/125 MG X 30 TAB;Amlodipino 10 mg + Valsartan 160 mg + Hidroclorotiazida 125 mg;30;2200;66000;;;2335;Farmaceres SA;01/08/2019;31/07/2020;;;;
001-110-048;DUOVAL H 5/160/125 MG X 30 TAB;Amlodipino 5 mg + Valsartan 160 mg + Hidroclorotiazida 125 mg;30;1200;36000;;;2335;Farmaceres SA;01/08/2019;31/07/2020;;;;
001-500-613;EDAPIL CHAMPU X 120 ML;Complejo 3D;1;56702;56702;;;2335;Farmaceres SA;01/08/2019;31/07/2020;;;;
001-500-614;EDAPIL ESPUMA LOCIÓN X 150 ML;Complejo 3D;1;130415;130415;;;2335;Farmaceres SA;01/08/2019;31/07/2020;;;;
001-500-615;EDAPIL M ESPUMA X 100 G;Minoxidil 5%;1;62980;62980;;;2335;Farmaceres SA;01/08/2019;31/07/2020;;;;
001-500-181;EMOLIN NEO X 240 G;Vitamina E/ D-Pantenol/ Acido Hialurónico;1;45000;45000;;;2335;Farmaceres SA;01/08/2019;31/07/2020;;;;
001-006-054;ENDIAL 1 MG X 20 COMP;Cinitaprida 1 mg;20;2100;42000;;;2335;Farmaceres SA;01/08/2019;31/07/2020;;;;
001-110-049;ESOMAX 10 MG CAJA X 28 CAP;Esomeprazol 10 mg;28;866;24260;;;2335;Farmaceres SA;01/08/2019;31/07/2020;;;;
001-110-052;ESOMAX 40 MG CAJA X 28 CAP;Esomeprazol 40 mg;28;788;22056;;;2335;Farmaceres SA;01/08/2019;31/07/2020;;;;
001-110-054;FENOLIP  200 MG CAJA X 30 CAPSULA;Fenofibrato 200 mg;30;832;24948;;;2335;Farmaceres SA;01/08/2019;31/07/2020;;;;
001-110-055;FENTRADOL 120 MG X 10 TABLETAS;Fexofenadina 120 mg;10;799;7990;;;2335;Farmaceres SA;01/08/2019;31/07/2020;;;;
001-110-057;FENTRADOL 180 MG X 10 TABLETAS;Fexofenadina 180 mg;10;929;9285;;;2335;Farmaceres SA;01/08/2019;31/07/2020;;;;
001-110-058;FIBROLIP 100 MG CAJA X 30 TABLETAS;Ciprofibrato 100 mg;30;646;19386;;;2335;Farmaceres SA;01/08/2019;31/07/2020;;;;
001-013-010;FILGRASTIM 300 MG FCO AMP;Filgastrim 300 mcg;1;25000;25000;;;2335;Farmaceres SA;01/08/2019;31/07/2020;;;;
001-500-190;FILTROSOL CREMA 50+ X 60 G;Tres filtros solares + Pantalla Solar + Vitamina E;1;35404;35404;;;2335;Farmaceres SA;01/08/2019;31/07/2020;;;;
001-500-198;FILTROSOL GEL 50+ X 60 G;Cuatro filtros solares + Pantalla Solar + Vitamina E;1;36511;36511;;;2335;Farmaceres SA;01/08/2019;31/07/2020;;;;
001-008-007;FOTORRETIN FCO 5 ML;Fenilefrina 50% + Tropicamida 05%;1;7800;7800;;;2335;Farmaceres SA;01/08/2019;31/07/2020;;;;
001-110-063;GASPRID M 5 MG X 30 TABLETAS;Mosaprida 5 mg ;30;532;15963;;;2335;Farmaceres SA;01/08/2019;31/07/2020;;;;
001-013-006;GATIDEX SUSP OFTALMICA X 5 ML;Gatifloxacina 03% Dexametasona 01%;1;60348;60348;;;2335;Farmaceres SA;01/08/2019;31/07/2020;;;;
001-004-221;GLAUCOMED X10 TABLETAS;Acetazolamida 250 mg;10;600;6000;;;2335;Farmaceres SA;01/08/2019;31/07/2020;;;;
001-008-019;GLAUCOPROST 3 ML;Travoprost 0004%;1;41000;41000;;;2335;Farmaceres SA;01/08/2019;31/07/2020;;;;
001-008-008;GLAUCOTENSIL T 5 ML;Timolol maleato 05% - Dorzolamida 2%;1;49676;49676;;;2335;Farmaceres SA;01/08/2019;31/07/2020;;;;
001-500-012;GLICOLIC CHAMPU X 240 ML;Acido Glicólico 10%;1;51611;51611;;;2335;Farmaceres SA;01/08/2019;31/07/2020;;;;
001-500-003;GLICOLIC CREMA X 60 G;Acido Glicólico 10%;1;65066;65066;;;2335;Farmaceres SA;01/08/2019;31/07/2020;;;;
001-500-022;GLICOLIC EMULSION X 120 ML;Acido Glicólico 5%;1;47335;47335;;;2335;Farmaceres SA;01/08/2019;31/07/2020;;;;
001-500-032;GLICOLIC H LOCION X 60 ML;Acido Glicólico 10% + Hidroquinona 2%;1;52000;52000;;;2335;Farmaceres SA;01/08/2019;31/07/2020;;;;
001-500-042;GLICOLIC LOCION X 60 ML;Acido Glicólico 10%;1;63850;63850;;;2335;Farmaceres SA;01/08/2019;31/07/2020;;;;
001-008-017;GOTABIOTIC D FCO 5 ML;Tobramicina 03% Dexametasona21-Sodio Fosfato 0005% NafazolinaHCL 002%;1;31285;31285;;;2335;Farmaceres SA;01/08/2019;31/07/2020;;;;
001-500-121;HIDRIBET 10% X 125 ML;Urea 10%;1;38459;38459;;;2335;Farmaceres SA;01/08/2019;31/07/2020;;;;
001-500-131;HIDRIBET 5/5 X 125 ML;Urea 5% SPF 5;1;38459;38459;;;2335;Farmaceres SA;01/08/2019;31/07/2020;;;;
001-500-231;HYALIX X 60 G;Liposomas en Emulgel;1;50799;50799;;;2335;Farmaceres SA;01/08/2019;31/07/2020;;;;
001-110-071;IBANAT 150 MG X 1 TABLETA;Acido Ibandronico 150 mg;1;15183;15183;;;2335;Farmaceres SA;01/08/2019;31/07/2020;;;;
001-006-421;ILIMIT 15 MG X 30;Aripiprazol 15 mg;30;1000;30000;;;2335;Farmaceres SA;01/08/2019;31/07/2020;;;;
001-110-072;IRBEPREX 150 MG CAJA X 30 TAB;Irbesartan 150 mg;30;556;16686;;;2335;Farmaceres SA;01/08/2019;31/07/2020;;;;
001-110-073;IRBEPREX 300 MG CAJA X 30 TAB;Irbesartan 300 mg;30;1112;33372;;;2335;Farmaceres SA;01/08/2019;31/07/2020;;;;
001-110-074;IRBEPREX A 150/5 MG CAJA X 30 TAB;Irbesartan 150 mg + Amlodipino 5 mg;30;3810;114300;;;2335;Farmaceres SA;01/08/2019;31/07/2020;;;;
001-110-075;IRBEPREX A 300/10 MG CAJA X 30 TAB;Irbesartan 300 mg + Amlodipino 10 mg;30;7619;228582;;;2335;Farmaceres SA;01/08/2019;31/07/2020;;;;
001-110-076;IRBEPREX A 300/5 MG CAJA X 30 TAB;Irbesartan 300 mg + Amlodipino 5 mg;30;7619;228582;;;2335;Farmaceres SA;01/08/2019;31/07/2020;;;;
001-110-077;IRBEPREX H 150/125 MG CAJA X 30 TAB;Irbesartan 150 mg + Hidroclorotiazida 125 mg;30;390;11689;;;2335;Farmaceres SA;01/08/2019;31/07/2020;;;;
001-110-078;IRBEPREX H 300/125 MG CAJA X 30 TAB;Irbesartan 300 mg + Hidroclorotiazida 125 mg;30;594;17810;;;2335;Farmaceres SA;01/08/2019;31/07/2020;;;;
001-500-251;KETOMED CHAMPU X 100 ML;Ketoconazol 2%;1;49099;49099;;;2335;Farmaceres SA;01/08/2019;31/07/2020;;;;
001-001-152;KINOR NF X 10 ML;Acido Salicílico 20% + Acido Láctico 5%;1;27616;27616;;;2335;Farmaceres SA;01/08/2019;31/07/2020;;;;
001-110-079;KLAMICINA 500 MG CAJA X 10 TAB;Claritromicina 500 mg;10;1000;10000;;;2335;Farmaceres SA;01/08/2019;31/07/2020;;;;
001-500-273;LACTIBON FEM LOCION X 240 ML;Limpiador suave con Acido Láctico 11% D-Pantenol y Alantoina;1;24385;24385;;;2335;Farmaceres SA;01/08/2019;31/07/2020;;;;
001-500-272;LACTIBON SYNDET BARRA X 120 G;Limpiador tipo Syndet + Acido Láctico;1;25722;25722;;;2335;Farmaceres SA;01/08/2019;31/07/2020;;;;
001-500-271;LACTIBON X 120 ML;Limpiador suave con Acido Láctico 11%;1;24666;24666;;;2335;Farmaceres SA;01/08/2019;31/07/2020;;;;
001-110-081;LEFLUX 16 MG CAJA X 20 TABLETAS;Betahistina Clorhidrato 16 mg;20;400;8000;;;2335;Farmaceres SA;01/08/2019;31/07/2020;;;;
001-110-083;LEFLUX 8 MG CAJA X 30 TABLETAS;Betahistina Clorhidrato 8 mg;30;168;5054;;;2335;Farmaceres SA;01/08/2019;31/07/2020;;;;
001-110-084;LEUCOTREN 10 MG CAJA X 30 TAB;Montelukast 10 mg;30;1886;56587;;;2335;Farmaceres SA;01/08/2019;31/07/2020;;;;
001-110-086;LEUCOTREN 4 MG CAJA X 30 TAB;Montelukast 4 mg;30;754;22635;;;2335;Farmaceres SA;01/08/2019;31/07/2020;;;;
001-110-088;LEUCOTREN 5 MG CAJA X 30TAB;Montelukast 5 mg;30;943;28293;;;2335;Farmaceres SA;01/08/2019;31/07/2020;;;;
001-110-089;LEVOPRAZ 5 MG X 10 TABLETAS;Levocetirizina 5 mg;10;472;4723;;;2335;Farmaceres SA;01/08/2019;31/07/2020;;;;
001-004-291;LEXINEX PLUS X 120 ML;Piritionato de Zinc + Activos naturales y biotecnológicos;1;38859;38859;;;2335;Farmaceres SA;01/08/2019;31/07/2020;;;;
001-004-286;LEXINEX X 120 ML;Alquitrán de Hulla 4%;1;26103;26103;;;2335;Farmaceres SA;01/08/2019;31/07/2020;;;;
001-004-209;LITASINA SOL INYECTABLE X 300 ML;Linezolid 2 mg;1;90000;90000;;;2335;Farmaceres SA;01/08/2019;31/07/2020;;;;
001-006-066;LOPRAL 15 mg x 30 caps;Lansoprazol 15 mg;30;1433;42987;;;2335;Farmaceres SA;01/08/2019;31/07/2020;;;;
001-006-071;LOPRAL 30 MG CAJA X 30;Lansoprazol 30 mg;30;4159;124770;;;2335;Farmaceres SA;01/08/2019;31/07/2020;;;;
001-008-203;LOTEMICIN SUSPENSION  X 5 ML;Loteprednol Etabonato 05% + Tobramicina 03%;1;33089;33089;;;2335;Farmaceres SA;01/08/2019;31/07/2020;;;;
001-008-014;LOTESOFT FCO 5 ML;Loteprednol Etabonato 05%;1;38591;38591;;;2335;Farmaceres SA;01/08/2019;31/07/2020;;;;
001-008-011;LOUTEN FCO X 25 ML;Latanoprost 50 mcg/ml;1;7500;7500;;;2335;Farmaceres SA;01/08/2019;31/07/2020;;;;
001-110-090;MACROZIT 500 MG  X 3 TAB;Azitromicina;3;1412;4237;;;2335;Farmaceres SA;01/08/2019;31/07/2020;;;;
001-006-552;MARTESIA 150 MG X 30;Pregabalina 150 mg;30;760;22800;;;2335;Farmaceres SA;01/08/2019;31/07/2020;;;;
001-006-553;MARTESIA 300 MG X 30;Pregabalina 300 mg;30;5028;150826;;;2335;Farmaceres SA;01/08/2019;31/07/2020;;;;
001-006-551;MARTESIA 75 MG X 30;Pregabalina 75 mg;30;1257;37706;;;2335;Farmaceres SA;01/08/2019;31/07/2020;;;;
001-006-607;MATINAC 100 MG X 120 COMPRIMIDOS;Imatinib 100 mg;120;19583;2350000;;;2335;Farmaceres SA;01/08/2019;31/07/2020;;;;
001-006-608;MATINAC 400 MG X 30 COMPRIMIDOS;Imatinib 400 mg;30;14100;423000;;;2335;Farmaceres SA;01/08/2019;31/07/2020;;;;
001-110-092;MELOPRAX 15/20 MG X 10 TAB;Meloxicam 15 mg + Esomeprazol 20 mg;10;5000;50000;;;2335;Farmaceres SA;01/08/2019;31/07/2020;;;;
001-013-021;MICOFLAVIN 250 MG X 100 COMP;Micofenolato Mofetilo 250 mg;100;1820;182000;;;2335;Farmaceres SA;01/08/2019;31/07/2020;;;;
001-013-020;MICOFLAVIN 500 MG X 50 COMP;Micofenolato Mofetilo 500 mg;50;1820;91000;;;2335;Farmaceres SA;01/08/2019;31/07/2020;;;;
001-006-081;MIGRADORIXINA CAJA X 10;Clonixinato de Lisina 125 mg+Ergotamina 1 mg;10;1700;17000;;;2335;Farmaceres SA;01/08/2019;31/07/2020;;;;
001-006-080;MIGRADORIXINA X 100 COMP;Clonixinato de Lisina 125 mg+Ergotamina 1 mg;100;1411;141129;;;2335;Farmaceres SA;01/08/2019;31/07/2020;;;;
001-004-336;MINOT X 10;Minociclina 100 mg;10;3793;37926;;;2335;Farmaceres SA;01/08/2019;31/07/2020;;;;
001-110-093;MIODAR 200 MG CAJA X 10 CAP;Celecoxib 200 mg;10;360;3600;;;2335;Farmaceres SA;01/08/2019;31/07/2020;;;;
001-006-612;MULTIFLORA PLUS CAPS X 10;Cepas de Probióticos y Prebióticos;10;4221;42209;;;2335;Farmaceres SA;01/08/2019;31/07/2020;;;;
001-006-613;MULTIFLORA PLUS CAPS X 30;Cepas de Probióticos y Prebióticos;30;2776;83276;;;2335;Farmaceres SA;01/08/2019;31/07/2020;;;;
001-006-614;MULTIFLORA SOBRE X 14;Cepas de Probióticos y Prebióticos;14;4482;62743;;;2335;Farmaceres SA;01/08/2019;31/07/2020;;;;
001-006-615;MULTIFLORA SOBRE X 6;Cepas de Probióticos y Prebióticos;6;5894;35364;;;2335;Farmaceres SA;01/08/2019;31/07/2020;;;;
001-006-058;NEOZENTIUS COMP 10 MG X 28;Escitalopram 10 mg;28;1000;28000;;;2335;Farmaceres SA;01/08/2019;31/07/2020;;;;
001-006-602;NEOZENTIUS COMP 20 MG X 14;Escitalopram 20 mg;14;1450;20300;;;2335;Farmaceres SA;01/08/2019;31/07/2020;;;;
001-110-095;NEVITEN 5 MG 30 TAB;Nebivolol Clorhidrato 5 mg;30;1383;41483;;;2335;Farmaceres SA;01/08/2019;31/07/2020;;;;
001-110-100;NIZOX SUSPENSION 100 MG / 5 ML FRASCO X 60 ML;Nitazoxanida 100 mg/ 5 ml;1;5557;5557;;;2335;Farmaceres SA;01/08/2019;31/07/2020;;;;
001-500-052;NUTREM CREMA X 30 G;Vitamina C Vitamina E D Pantenol  Vitamina A;1;57463;57463;;;2335;Farmaceres SA;01/08/2019;31/07/2020;;;;
001-008-021;OFTAFLOX GOTAS X 5 ML;Dexametasona 1mg+Polimixina-B 1mg+Neomicina 35mg;1;17261;17261;;;2335;Farmaceres SA;01/08/2019;31/07/2020;;;;
001-008-031;OFTAFLOX UNGUENTO X 5 G;Dexametasona 1mg+Polimixina-B 1mg+Neomicina 35mg;1;18301;18301;;;2335;Farmaceres SA;01/08/2019;31/07/2020;;;;
001-110-104;OLAZAP 10 MG CAJA X 30 TABLETAS;Olanzapina 10 mg;30;267;8010;;;2335;Farmaceres SA;01/08/2019;31/07/2020;;;;
001-110-106;OLAZAP 5 MG CAJA X 30 TAB;Olanzapina 5 mg;30;333;9990;;;2335;Farmaceres SA;01/08/2019;31/07/2020;;;;
001-110-108;OLMEPREX 20 MG X 30 TABLETAS;Olmesartan medoxomil 20 mg;30;666;19991;;;2335;Farmaceres SA;01/08/2019;31/07/2020;;;;
001-110-109;OLMEPREX 40 MG X 30 TABLETAS;Olmesartan medoxomil 40 mg;30;1333;39982;;;2335;Farmaceres SA;01/08/2019;31/07/2020;;;;
001-008-182;OLOPAT SOLUCION OFT 02% X 5 ML;Olopatadina 02%;1;7000;7000;;;2335;Farmaceres SA;01/08/2019;31/07/2020;;;;
001-110-110;OMEX 40 MG X 15 CAPSULAS;Omeprazol 40 mg;15;3000;45000;;;2335;Farmaceres SA;01/08/2019;31/07/2020;;;;
001-110-112;ONDAX 4 MG CAJA X 10 TAB;Ondansetron 4 mg ;10;747;7471;;;2335;Farmaceres SA;01/08/2019;31/07/2020;;;;
001-110-111;ONDAX 4 MG X  1 AMPOLLA;Ondansetron 4 mg ;1;1250;1250;;;2335;Farmaceres SA;01/08/2019;31/07/2020;;;;
001-110-113;ONDAX 8 MG CAJA X 1 AMPOLLA;Ondansetron 8 mg ;1;940;940;;;2335;Farmaceres SA;01/08/2019;31/07/2020;;;;
001-110-114;ONDAX 8 MG CAJA X 10 TAB;Ondansetron 8 mg ;10;720;7200;;;2335;Farmaceres SA;01/08/2019;31/07/2020;;;;
001-110-116;ORLIX 40 MG  X 30 TABLETAS;Bromuro de Otilonio 40 mg;30;1270;38100;;;2335;Farmaceres SA;01/08/2019;31/07/2020;;;;
001-008-051;OXIMISYN GOTAS  X 5 ML;Oximetazolina Clorhidrato 0025%;1;13331;13331;;;2335;Farmaceres SA;01/08/2019;31/07/2020;;;;
001-110-189;PAGLIX 125 MG CAJA X 60 TABLETAS;Bosentan 125 mg;60;13487;809231;;;2335;Farmaceres SA;01/08/2019;31/07/2020;;;;
001-110-188;PAGLIX 625 MG CAJA X 60 TABLETAS;Bosentan 625 mg;60;7625;457500;;;2335;Farmaceres SA;01/08/2019;31/07/2020;;;;
001-110-117;PANTOPRAX 20 MG X 30 TAB;Pantoprazol 20 mg;30;656;19667;;;2335;Farmaceres SA;01/08/2019;31/07/2020;;;;
001-110-118;PANTOPRAX 40 MG CAJA X 30 TAB;Pantoprazol 40 mg;30;363;10894;;;2335;Farmaceres SA;01/08/2019;31/07/2020;;;;
001-006-560;PIASCLEDINE 300 MG X 30;Insaponificables de Persea gratissima 100 mg y Glicina Max 200 mg;30;3400;102000;;;2335;Farmaceres SA;01/08/2019;31/07/2020;;;;
001-500-431;PIRIMED X 120 ML;Piritionato de Zinc 1% + Acondicionador;1;30896;30896;;;2335;Farmaceres SA;01/08/2019;31/07/2020;;;;
001-008-052;POENGATIF 5 ML;Gatifloxacina 03%;1;53543;53543;;;2335;Farmaceres SA;01/08/2019;31/07/2020;;;;
001-500-438;PRESIDERM UNG X 15 G;Mupirocina 2%;1;32000;32000;;;2335;Farmaceres SA;01/08/2019;31/07/2020;;;;
001-500-171;PROCICAR CREMA X 60 G;Oxido de Zinc + Calamina 5%;1;14000;14000;;;2335;Farmaceres SA;01/08/2019;31/07/2020;;;;
001-500-655;PROCICAR NF CREMA X 60 G;Oxido de Zinc + Calamina + D Pantenol + Acido Hialuronico;1;18686;18686;;;2335;Farmaceres SA;01/08/2019;31/07/2020;;;;
001-110-123;PROPAFEN 150 MG CAJA X 30 TAB;Propafenona 150 mg;30;175;5250;;;2335;Farmaceres SA;01/08/2019;31/07/2020;;;;
001-110-125;PROSTARIDE 2 MG X 30 TABLETAS;Doxasozina 2 mg;30;258;7743;;;2335;Farmaceres SA;01/08/2019;31/07/2020;;;;
001-110-127;PROSTARIDE 4 MG X 30 TABLETAS;Doxasozina 4 mg;30;289;8674;;;2335;Farmaceres SA;01/08/2019;31/07/2020;;;;
001-110-130;QUINOMAX 400 MG CAJA X 7 TAB;Moxifloxacina 400 mg;7;2798;19585;;;2335;Farmaceres SA;01/08/2019;31/07/2020;;;;
001-500-609;RESVIPIEL CREMA X 50 G;Resveratrol + Vitaminas + Antioxidantes;1;89319;89319;;;2335;Farmaceres SA;01/08/2019;31/07/2020;;;;
001-110-131;RIFABAC 200 MG X 12 TABLETAS;Rifaximina 200 mg;12;1601;19207;;;2335;Farmaceres SA;01/08/2019;31/07/2020;;;;
001-110-030;RIFABAC 550 mg X 14 TAB;Rifaximina 550 mg;14;6122;85706;;;2335;Farmaceres SA;01/08/2019;31/07/2020;;;;
001-110-132;RINOSAL 005% X 10 GRAMOS;Mometasona de furoato  50 mcg por cada 100 mg;1;76732;76732;;;2335;Farmaceres SA;01/08/2019;31/07/2020;;;;
001-110-133;RINOSAL 005% X 18 GRAMOS;Mometasona de furoato  50 mcg por cada 100 mg;1;138118;138118;;;2335;Farmaceres SA;01/08/2019;31/07/2020;;;;
001-110-136;RINOTADIN 5 MG CAJA X 10 TAB;Desloratadina 5 mg;10;250;2500;;;2335;Farmaceres SA;01/08/2019;31/07/2020;;;;
001-110-137;RISEMAX 120 MG CAJA X 60 CAP;Orlistat 120 mg;60;2641;158436;;;2335;Farmaceres SA;01/08/2019;31/07/2020;;;;
001-110-138;ROSUVAX 10 MG CAJA X 30 TABLETAS;Rosuvastatina 10 mg;30;400;12000;;;2335;Farmaceres SA;01/08/2019;31/07/2020;;;;
001-110-140;ROSUVAX 20 MG CAJA X 30 TABLETAS;Rosuvastatina 20 mg;30;667;20010;;;2335;Farmaceres SA;01/08/2019;31/07/2020;;;;
001-110-141;ROSUVAX 40 MG CAJA X 30 TABLETAS;Rosuvastatina 40 mg;30;1860;55800;;;2335;Farmaceres SA;01/08/2019;31/07/2020;;;;
001-110-142;ROSUVAX E 10/10  MG CAJA X 30 TABLETAS;Rosuvastatina 10 mg + Ezetimiba 10 mg;30;4567;137010;;;2335;Farmaceres SA;01/08/2019;31/07/2020;;;;
001-110-143;ROSUVAX E 20/10  MG CAJA X 30 TABLETAS;Rosuvastatina 10 mg + Ezetimiba 20 mg;30;3333;99990;;;2335;Farmaceres SA;01/08/2019;31/07/2020;;;;
001-500-265;ROZELAIC GEL X 30 G;Acido Azelaico 15%;1;49533;49533;;;2335;Farmaceres SA;01/08/2019;31/07/2020;;;;
001-500-442;SALILEX BARRA X 120 G;Acido Salicílico + Avena coloidal en base Syndet suave;1;26867;26867;;;2335;Farmaceres SA;01/08/2019;31/07/2020;;;;
001-500-445;SALILEX PADS X 30 POMOS;Acido Salicílico 2% + D - Pantenol;1;32367;32367;;;2335;Farmaceres SA;01/08/2019;31/07/2020;;;;
001-006-101;SERTAL COMP COMPRECUB CAJA X 10;Propinox 10 mg + Clonixinato de Lisina 125 mg;10;1300;13000;;;2335;Farmaceres SA;01/08/2019;31/07/2020;;;;
001-006-100;SERTAL COMP X 100 COMP RECUB;Propinox 10 mg + Clonixinato de Lisina 125 mg;100;1210;121000;;;2335;Farmaceres SA;01/08/2019;31/07/2020;;;;
001-006-111;SERTAL GOTAS FCO X 20 ML;Propinox 10 mg/ml;1;15629;15629;;;2335;Farmaceres SA;01/08/2019;31/07/2020;;;;
001-006-126;SERTAL X 20 COMPRIMIDOS;Propinox 10 mg;20;1398;27956;;;2335;Farmaceres SA;01/08/2019;31/07/2020;;;;
001-004-586;SINAC GEL X 30 G;Clindamicina 1% Peroxido de Benzoilo 5% ;1;84233;84233;;;2335;Farmaceres SA;01/08/2019;31/07/2020;;;;
001-110-145;SULIMAX 500 MG 30 TABLETAS;Mesalazina 500 mg;30;1094;32805;;;2335;Farmaceres SA;01/08/2019;31/07/2020;;;;
001-110-146;SULPRID 25 MG X 20 TABLETAS;Levosulpirida 25 mg;20;544;10886;;;2335;Farmaceres SA;01/08/2019;31/07/2020;;;;
001-008-191;TALOF GOTAS X 5 ML;Loteprednol Etabonato 02%;1;40586;40586;;;2335;Farmaceres SA;01/08/2019;31/07/2020;;;;
001-110-150;TAZEPIN 30 MG CAJA  X 20 TAB;Mirtazapina 30 mg;20;406;8127;;;2335;Farmaceres SA;01/08/2019;31/07/2020;;;;
001-110-193;TIAMAX 100 MG X 30 TABLETAS;Quetiapina 100 mg;30;990;29700;;;2335;Farmaceres SA;01/08/2019;31/07/2020;;;;
001-110-194;TIAMAX 200 MG X 30 TABLETAS;Quetiapina 200 mg;30;1980;59400;;;2335;Farmaceres SA;01/08/2019;31/07/2020;;;;
001-110-155;TIAMAX 25 MG X 30 TABLETAS;Quetiapina 25 mg;30;248;7425;;;2335;Farmaceres SA;01/08/2019;31/07/2020;;;;
001-008-101;TOPTEAR FCO 10 ML;Hialuronato de Sodio 04%;1;38400;38400;;;2335;Farmaceres SA;01/08/2019;31/07/2020;;;;
001-008-102;TOPTEAR P SOL OFT X 10 ML;Hialuronato de Sodio 02%;1;19000;19000;;;2335;Farmaceres SA;01/08/2019;31/07/2020;;;;
001-006-141;TRACTAL 1 MG X 30 CREC;Risperidona 1 mg;30;338;10140;;;2335;Farmaceres SA;01/08/2019;31/07/2020;;;;
001-006-142;TRACTAL 2 MG X 30 CREC;Risperidona 2 mg;30;676;20280;;;2335;Farmaceres SA;01/08/2019;31/07/2020;;;;
001-006-089;TRACTAL GOTAS X 20 ML;Risperidona 1 mg;1;7826;7826;;;2335;Farmaceres SA;01/08/2019;31/07/2020;;;;
001-500-103;UMBRELLA CREMA 50+ X 60G;Pantalla + 3 filtros solares + Vitamina E;1;60080;60080;;;2335;Farmaceres SA;01/08/2019;31/07/2020;;;;
001-500-104;UMBRELLA GEL 50+ X 60 G;Pantalla + 3  filtros solares;1;60080;60080;;;2335;Farmaceres SA;01/08/2019;31/07/2020;;;;
001-500-118;UMBRELLA INTELLIGENT SPF 100 X 50 G;Protector solar de ultima generación SPF 100 con amplio espectro;1;61617;61617;;;2335;Farmaceres SA;01/08/2019;31/07/2020;;;;
001-500-078;UMBRELLA KIDS MAX X 60 G;Pantallas + 4 filtros solares + Aloe vera;1;40936;40936;;;2335;Farmaceres SA;01/08/2019;31/07/2020;;;;
001-500-106;UMBRELLA KIDS RESISTENTE AL AGUA 50+ X 120 G;Filtros solares en vehiculo resistente al agua;1;58957;58957;;;2335;Farmaceres SA;01/08/2019;31/07/2020;;;;
001-500-597;UMBRELLA MAX RESISTENTE AL AGUA X 60 G;Pantallas + 4 filtros solares + Aloe vera;1;43149;43149;;;2335;Farmaceres SA;01/08/2019;31/07/2020;;;;
001-500-598;UMBRELLA MAX X 100 G;2 Pantallas + 5 filtros solares;1;67489;67489;;;2335;Farmaceres SA;01/08/2019;31/07/2020;;;;
001-500-105;UMBRELLA PLUS 50+ X 120 G;Pantalla + filtros solares + Vitamina E;1;72000;72000;;;2335;Farmaceres SA;01/08/2019;31/07/2020;;;;
001-500-114;UMBRELLA RESISTENTE AL AGUA 50+ TUBO X 225 G;Filtros solares en vehiculo resistente al agua;1;75770;75770;;;2335;Farmaceres SA;01/08/2019;31/07/2020;;;;
001-500-114;UMBRELLA RESISTENTE AL AGUA 50+ TUBO X 225 G;Filtros solares en vehiculo resistente al agua;1;75770;75770;;;2335;Farmaceres SA;01/08/2019;31/07/2020;;;;
001-006-152;UMQUAN GOTAS X 20 ML;Pelargonium Sidoides;1;31233;31233;;;2335;Farmaceres SA;01/08/2019;31/07/2020;;;;
001-006-153;UMQUAN GOTAS X 50 ML;Pelargonium Sidoides;1;47633;47633;;;2335;Farmaceres SA;01/08/2019;31/07/2020;;;;
001-004-461;UREADERM 10% X 60 G;Urea 10%;1;36886;36886;;;2335;Farmaceres SA;01/08/2019;31/07/2020;;;;
001-004-472;UREADERM 15% X 60 G;Urea 15%;1;26053;26053;;;2335;Farmaceres SA;01/08/2019;31/07/2020;;;;
001-500-481;UREADERM LACTATO X 225G;Urea 5% + Acido Láctico 8%;1;48000;48000;;;2335;Farmaceres SA;01/08/2019;31/07/2020;;;;
001-110-156;UROFLAV 500 MG CAJA X 10 TABLETAS;Levofloxacina Hemihidrato 500 mg;10;600;6000;;;2335;Farmaceres SA;01/08/2019;31/07/2020;;;;
001-110-158;UROFLAV 750 MG CAJA X 5 TABLETAS;Levofloxacina Hemihidrato 750 mg;5;2830;14152;;;2335;Farmaceres SA;01/08/2019;31/07/2020;;;;
001-500-202;UVEIL PS PIEL CLARA X 60 G;Dióxido de Titanio Tonalizado;1;54702;54702;;;2335;Farmaceres SA;01/08/2019;31/07/2020;;;;
001-110-160;VALCOX 10 MG X 30 TABLETAS;Memantina 10 mg;30;1606;48171;;;2335;Farmaceres SA;01/08/2019;31/07/2020;;;;
001-110-166;VALSAPREX   H 160/125 MG CAJA X 28 TABLETAS;Valsartan 160 mg + Hidroclorotiazida 125 mg;28;277;7749;;;2335;Farmaceres SA;01/08/2019;31/07/2020;;;;
001-110-162;VALSAPREX  160 MG CAJA X 28 TAB;Valsartan 160 mg;28;1194;33425;;;2335;Farmaceres SA;01/08/2019;31/07/2020;;;;
001-110-164;VALSAPREX  80 MG CAJA X 28 TAB;Valsartan 80 mg;28;597;16713;;;2335;Farmaceres SA;01/08/2019;31/07/2020;;;;
001-110-168;VALSAPREX H 80/125 MG CAJA X 28 TAB;Valsartan 80 mg + Hidroclorotiazida 125 mg;28;231;6471;;;2335;Farmaceres SA;01/08/2019;31/07/2020;;;;
001-110-169;VASIP 80 MG  CAJA X 30 TAB;Ginkgo Biloba 80 mg;30;166;4978;;;2335;Farmaceres SA;01/08/2019;31/07/2020;;;;
001-110-170;VENOMAX 500 MG CAJA X 30 TAB;Diosmina 450 mg + Hesperidina 50 mg;30;1703;51082;;;2335;Farmaceres SA;01/08/2019;31/07/2020;;;;
001-500-511;VIROSUPRIL CREMA X 5 G;Imiquimod 5%;1;53344;53344;;;2335;Farmaceres SA;01/08/2019;31/07/2020;;;;
001-008-205;XEGREX SOLUCIÓN OFTÁLMICA x 5 ML;Dorzolamida 20 mg + Brimonidina Tartrato 2 mg + Timolol 5 mg;1;50000;50000;;;2335;Farmaceres SA;01/08/2019;31/07/2020;;;;
001-110-171;XIFEN 80 MG X 30 TABLETAS;Telmisartan 80 mg;30;780;23393;;;2335;Farmaceres SA;01/08/2019;31/07/2020;;;;
001-110-172;XIFEN H 80/125 MG X 30 TABLETAS;Telmisartan 80 mg + Hidroclorotiazida 125 mg;30;1908;57228;;;2335;Farmaceres SA;01/08/2019;31/07/2020;;;;
001-006-193;ZENTIUS COMP 20 MG X 30;Citalopram 20 mg;30;4496;134888;;;2335;Farmaceres SA;01/08/2019;31/07/2020;;;;
001-110-174;ZOPLIMAX 2 MG 30 TABLETAS;Eszopiclona 2 mg;30;498;14938;;;2335;Farmaceres SA;01/08/2019;31/07/2020;;;;
001-110-175;ZOPLIMAX 3 MG 30 TABLETAS;Eszopiclona 3 mg;30;706;21182;;;2335;Farmaceres SA;01/08/2019;31/07/2020;;;;
001-500-026;ZUDENINA F GEL X 30;Adapalene 03%;1;66936;66936;;;2335;Farmaceres SA;01/08/2019;31/07/2020;;;;
001-500-024;ZUDENINA GEL X 30 G;Adapalene 01%;1;59500;59500;;;2335;Farmaceres SA;01/08/2019;31/07/2020;;;;
001-500-030;ZUDENINA PLUS GEL X 30;Adapalene 01% Clindamicina 1%;1;76117;76117;;;2335;Farmaceres SA;01/08/2019;31/07/2020;;;;
