CódigoAxapta;Nombrecomercialproducto;PrincipioActivo;contenido;Precioaprobadoxumc;Precioaprobadoxpresentac;PrecioRegulado10%o15%TAB;PrecioReguladoXPres;códigocliente;NombreCliente;VigenciaDesde;Hasta;Convenio;Observaciones
001-006-036;ABRILAR FCO 100 ML;Hedera Helix;1;18091;18091;;;2329;Grupo Afin Farmacéutica SAS;01/09/2019;31/08/2020;;
001-006-034;ABRILAR JARABE FCO X 200 ML;Hedera Helix;1;33445;33445;;;2329;Grupo Afin Farmacéutica SAS;01/09/2019;31/08/2020;;
001-008-003;ACRYLARM GEL X 10 GRS;Acido Poliacrílico 2 mg;1;19000;19000;;;2329;Grupo Afin Farmacéutica SAS;01/09/2019;31/08/2020;;
001-008-201;ACRYLARM PLUS X 10 G;Acido Poliacrílico 2 mg (Carbomero 02%);1;39480;39480;;;2329;Grupo Afin Farmacéutica SAS;01/09/2019;31/08/2020;;
001-006-622;ALACIR 30 MG X 30;Duloxetina 30 mg;30;1001;30043;;;2329;Grupo Afin Farmacéutica SAS;01/09/2019;31/08/2020;;
001-006-623;ALACIR 60 MG X 30;Duloxetina 60 mg;30;2002;60086;;;2329;Grupo Afin Farmacéutica SAS;01/09/2019;31/08/2020;;
001-500-001;ALERGIBON AVENA X 90 G;Jabón suave con Avena;1;11004;11004;;;2329;Grupo Afin Farmacéutica SAS;01/09/2019;31/08/2020;;
001-004-004;ALERGIBON BABY KIDS X 150G;Jabón Emoliente con Glicerina y extracto de Avena;1;13671;13671;;;2329;Grupo Afin Farmacéutica SAS;01/09/2019;31/08/2020;;
001-004-006;ALERGIBON CLEAR X 90 G;Jabón suave con Glicerina;1;11107;11107;;;2329;Grupo Afin Farmacéutica SAS;01/09/2019;31/08/2020;;
001-004-011;ALERGIBON LECHE X 90 G;Jabón suave emoliente;1;11004;11004;;;2329;Grupo Afin Farmacéutica SAS;01/09/2019;31/08/2020;;
001-110-001;ALGI B CAJA X 20 TABLETAS;Acetaminofen 325 mg + Tizanidina 2 mg;20;2611;52220;;;2329;Grupo Afin Farmacéutica SAS;01/09/2019;31/08/2020;;
001-006-007;AMOXIDAL DUO 750 MG SUSP X 120 ML + AGUA + JERINGA;Amoxicilina 750 mg / 5 ml;1;33494;33494;;;2329;Grupo Afin Farmacéutica SAS;01/09/2019;31/08/2020;;
001-006-001;AMOXIDAL DUO SUSP 750 MG X 70 ML;Amoxicilina 750 mg / 5 ml;1;21500;21500;;;2329;Grupo Afin Farmacéutica SAS;01/09/2019;31/08/2020;;
001-006-006;AMOXIDAL DUO X 14 COMP 875 MG;Amoxicilina 875 mg;14;1934;27076;;;2329;Grupo Afin Farmacéutica SAS;01/09/2019;31/08/2020;;
001-006-008;AMOXIDAL DUO X 21 COMP 875 MG;Amoxicilina 875 mg;21;2456;51576;;;2329;Grupo Afin Farmacéutica SAS;01/09/2019;31/08/2020;;
001-110-004;APROLAC 80 MG CAJA X 30 TABLETAS;Isoflavonas de Soya 80 mg;30;1966;58980;;;2329;Grupo Afin Farmacéutica SAS;01/09/2019;31/08/2020;;
001-800-001;AQUAPRIM CREMA X 30 G;Extracto de piptadenia colubrina Liposomas hidratantes FNH aceites de origen vegetal Vitamina E Acetato y D-Pantenol;1;72939;72939;;;2329;Grupo Afin Farmacéutica SAS;01/09/2019;31/08/2020;;
001-500-678;AQUATOP CREMA X 250G;Restorafilm Complex;1;51133;51133;;;2329;Grupo Afin Farmacéutica SAS;01/09/2019;31/08/2020;;
001-110-005;ARAMAX 25/50 X 30 CAPSULAS;Amlodipino 25 + Losartan 50 mg;30;2030;60900;;;2329;Grupo Afin Farmacéutica SAS;01/09/2019;31/08/2020;;
001-110-006;ARAMAX 5/100 X 30 CAPSULAS;Amlodipino 5 mg + Losartan 100 mg;30;2804;84120;;;2329;Grupo Afin Farmacéutica SAS;01/09/2019;31/08/2020;;
001-110-003;ARAMAX 5/50 X 30 CAPSULAS;Amlodipino 5 mg + Losartan Potásico 50 mg;30;2148;64440;;;2329;Grupo Afin Farmacéutica SAS;01/09/2019;31/08/2020;;
001-110-009;ARTRICLOX 15 MG CAJA X 10 TAB;Meloxicam 15 mg;10;2707;27070;;;2329;Grupo Afin Farmacéutica SAS;01/09/2019;31/08/2020;;
001-110-010;ARTRICLOX 15 MG X 1 AMPOLLA;Meloxicam 15 mg / 15 ML;1;8702;8702;;;2329;Grupo Afin Farmacéutica SAS;01/09/2019;31/08/2020;;
001-008-161;ATERGIT 5 ML;Epinastina HCl 005% solución oftálmica;1;35000;35000;;;2329;Grupo Afin Farmacéutica SAS;01/09/2019;31/08/2020;;
001-500-027;AVITIL GEL X 50 G;Extramel;1;40000;40000;;;2329;Grupo Afin Farmacéutica SAS;01/09/2019;31/08/2020;;
001-500-029;BABYSKIN CREMA X 60 G;Oxido de zinc 40% Pantenol Alantoina Bisabolol;1;13361;13361;;;2329;Grupo Afin Farmacéutica SAS;01/09/2019;31/08/2020;;
001-500-025;BABYSKIN N CREMA X 30 G;Oxido de zinc 40% Nistatina 100000 UI/g;1;13262;13262;;;2329;Grupo Afin Farmacéutica SAS;01/09/2019;31/08/2020;;
001-500-002;BETAGRANULOS CREMA X 60 G;Gránulos de polietileno cloruro de Benzalconio;1;39035;39035;;;2329;Grupo Afin Farmacéutica SAS;01/09/2019;31/08/2020;;
001-500-013;BETAPIROX CHAMPU X 120 ML;Piroctona Olamina 1% con acondicionador;1;33316;33316;;;2329;Grupo Afin Farmacéutica SAS;01/09/2019;31/08/2020;;
001-500-021;BETARRETIN 0025% CREMA X 30  G;Acido Retinoico 0025% (Tretinoina);1;35512;35512;;;2329;Grupo Afin Farmacéutica SAS;01/09/2019;31/08/2020;;
001-500-031;BETARRETIN 0025% GEL X 30 G;Acido Retinoico 0025% (Tretinoina);1;30840;30840;;;2329;Grupo Afin Farmacéutica SAS;01/09/2019;31/08/2020;;
001-500-041;BETARRETIN 005% CREMA X 30 G;Acido Retinoico 005% (Tretinoina);1;27332;27332;;;2329;Grupo Afin Farmacéutica SAS;01/09/2019;31/08/2020;;
001-500-051;BETARRETIN 005% LOCION X 60  ML;Acido Retinoico 005% (Tretinoina);1;27374;27374;;;2329;Grupo Afin Farmacéutica SAS;01/09/2019;31/08/2020;;
001-500-069;BETARRETIN H CREMA X 30G  HQ 4%;Acido Retinoico 005% + Hidroquinona 4%;1;28256;28256;;;2329;Grupo Afin Farmacéutica SAS;01/09/2019;31/08/2020;;
001-500-073;BETARRETIN H LOCION x 60 ML HQ 4%;Acido Retinoico 005% + Hidroquinona 4%;1;40688;40688;;;2329;Grupo Afin Farmacéutica SAS;01/09/2019;31/08/2020;;
001-500-006;BETAZOL CREMA X 30 G;Propionato de Clobetasol 005%;1;17000;17000;;;2329;Grupo Afin Farmacéutica SAS;01/09/2019;31/08/2020;;
001-500-007;BETAZOL ESPUMA X 50 G;Clobetasol Propionato 005%;1;29046;29046;;;2329;Grupo Afin Farmacéutica SAS;01/09/2019;31/08/2020;;
001-001-091;BETAZOL LOCION X 60 ML;Propionato de Clobetasol 005%;1;18000;18000;;;2329;Grupo Afin Farmacéutica SAS;01/09/2019;31/08/2020;;
001-004-061;BONAC GEL 4% X 30 G;Eritromicina 4%;1;19000;19000;;;2329;Grupo Afin Farmacéutica SAS;01/09/2019;31/08/2020;;
001-004-071;BONAC LOCION X 60 ML;Eritromicina 2%;1;19000;19000;;;2329;Grupo Afin Farmacéutica SAS;01/09/2019;31/08/2020;;
001-500-101;BONAVEN BARRA X 120 G;Limpiador tipo Syndet + Avena Coloidal;1;27066;27066;;;2329;Grupo Afin Farmacéutica SAS;01/09/2019;31/08/2020;;
001-500-111;BONAVEN LOCION X 120 ML;Limpiador tipo Syndet + Avena Coloidal;1;27066;27066;;;2329;Grupo Afin Farmacéutica SAS;01/09/2019;31/08/2020;;
001-013-005;Botemib  3,5mg/10ml Polvo para solución inyectable x 1 PT;Bortezomib 35 mg;1;1800000;1800000;;;2329;Grupo Afin Farmacéutica SAS;01/09/2019;31/08/2020;;
001-013-007;Botemib 2,5 mg/10 ml Polvo para solución inyectable x 1;Bortezomib 25 mg;1;1287000;1287000;;;2329;Grupo Afin Farmacéutica SAS;01/09/2019;31/08/2020;;
001-110-192;BRISEN 10 MG CAJA X 30 TABLETAS;Ambrisentan;30;131532;3945960;;;2329;Grupo Afin Farmacéutica SAS;01/09/2019;31/08/2020;;
001-110-191;BRISEN 5 MG CAJA X 30 TABLETAS;Ambrisentan;30;65360;1960800;;;2329;Grupo Afin Farmacéutica SAS;01/09/2019;31/08/2020;;
001-110-016;BROMUX 100 MG CAJA X 20 TABLETAS;Bromuro Pinaverio 100 mg;20;4907;98140;;;2329;Grupo Afin Farmacéutica SAS;01/09/2019;31/08/2020;;
001-110-018;BROMUX D  CAJA X 30 CAP;Bromuro de Pinaverio 100 mg + Simeticona equivalente a Dimeticona 300 mg;30;4039;121170;;;2329;Grupo Afin Farmacéutica SAS;01/09/2019;31/08/2020;;
001-110-019;CANDEPREX 16 MG X 30 TAB;Candesartán Cilexetilo 16 mg;30;780;23400;;;2329;Grupo Afin Farmacéutica SAS;01/09/2019;31/08/2020;;
001-110-020;CANDEPREX 32 MG X 30 TAB;Candesartán Cilexetilo 32 mg;30;1560;46800;;;2329;Grupo Afin Farmacéutica SAS;01/09/2019;31/08/2020;;
001-110-021;CANDEPREX 8 MG X 30 TAB;Candesartán Cilexetilo 8 mg;30;390;11704;;;2329;Grupo Afin Farmacéutica SAS;01/09/2019;31/08/2020;;
001-110-022;CANDEPREX A 16/5  MG X 30 TAB;Candesartán Cilexetil 16 mg + Amlodipino 5 mg;30;1620;48600;;;2329;Grupo Afin Farmacéutica SAS;01/09/2019;31/08/2020;;
001-110-023;CANDEPREX A 32/5  MG X 30 TAB;Candesartán Cilexetil 32 mg + Amlodipino 5 mg;30;3240;97227;;;2329;Grupo Afin Farmacéutica SAS;01/09/2019;31/08/2020;;
001-110-024;CANDEPREX H 16/125 MG X 30 TABLETAS;Candesartan cilexetil 16 mg + Hidroclorotiazida 125 mg/HCT;30;2433;72990;;;2329;Grupo Afin Farmacéutica SAS;01/09/2019;31/08/2020;;
001-110-027;CARVEDIL 125 MG CAJA X 30 TAB;Carvedilol 125 mg;30;445;13350;;;2329;Grupo Afin Farmacéutica SAS;01/09/2019;31/08/2020;;
001-110-029;CARVEDIL 25 MG CAJA X 30 TAB;Carvedilol 25 mg;30;889;26670;;;2329;Grupo Afin Farmacéutica SAS;01/09/2019;31/08/2020;;
001-110-031;CARVEDIL 625 MG X 30 TABLETAS;Carvedilol 625 mg;30;222;6669;;;2329;Grupo Afin Farmacéutica SAS;01/09/2019;31/08/2020;;
001-500-085;CETOPIC X 50 G;Vitamina C (Ascorbil fosfato de Sodio);1;54000;54000;;;2329;Grupo Afin Farmacéutica SAS;01/09/2019;31/08/2020;;
001-006-401;CEUMID 1000 MG X 30;Levetiracetam 1000 mg;30;2196;65880;;;2329;Grupo Afin Farmacéutica SAS;01/09/2019;31/08/2020;;
001-006-411;CEUMID 500 MG X 30;Levetiracetam 500 mg;30;1098;32940;;;2329;Grupo Afin Farmacéutica SAS;01/09/2019;31/08/2020;;
001-006-550;CICLORELAX 10 MG X 20 TABS;Ciclobenzaprina 10 mg;20;2240;44800;;;2329;Grupo Afin Farmacéutica SAS;01/09/2019;31/08/2020;;
001-110-035;COLESTIR 10/20 MG X 30 TABLETAS;Ezetimiba 10 mg + Atorvastatina 20 mg ;30;3182;95460;;;2329;Grupo Afin Farmacéutica SAS;01/09/2019;31/08/2020;;
001-110-037;COLESTIR 10/40 MG X 30 TABLETAS;Ezetimiba 10 mg + Atorvastatina 40 mg ;30;3650;109500;;;2329;Grupo Afin Farmacéutica SAS;01/09/2019;31/08/2020;;
001-500-125;DERMACORTINE CREMA X 15 G;Mometasona Furoato 01%;1;26000;26000;;;2329;Grupo Afin Farmacéutica SAS;01/09/2019;31/08/2020;;
001-500-128;DERMACORTINE EMULSION X 60 ML;Mometasona Furoato 01%;1;60236;60236;;;2329;Grupo Afin Farmacéutica SAS;01/09/2019;31/08/2020;;
001-500-124;DERMACORTINE ESPUMA X 50 G;Mometasona Furoato 01%;1;55782;55782;;;2329;Grupo Afin Farmacéutica SAS;01/09/2019;31/08/2020;;
001-500-126;DERMACORTINE LOCION X 30 ML;Mometasona Furoato 01%;1;58150;58150;;;2329;Grupo Afin Farmacéutica SAS;01/09/2019;31/08/2020;;
001-500-133;DERMOSUPRIL 005% CREMA X 15 G;Desonida 005%;1;10410;10410;;;2329;Grupo Afin Farmacéutica SAS;01/09/2019;31/08/2020;;
001-500-143;DERMOSUPRIL 01% CREMA X 15 G;Desonida 01%;1;13338;13338;;;2329;Grupo Afin Farmacéutica SAS;01/09/2019;31/08/2020;;
001-500-163;DERMOSUPRIL EMULSION X 120 ML;Desonida 005%;1;38871;38871;;;2329;Grupo Afin Farmacéutica SAS;01/09/2019;31/08/2020;;
001-500-129;DERMOSUPRIL ESPUMA X 50 G;Desonida Micronizada 005%;1;32960;32960;;;2329;Grupo Afin Farmacéutica SAS;01/09/2019;31/08/2020;;
001-004-151;DESONIDA CLIOQUINOL CREMA X 15 G;Desonida 01 g + Clioquinol 3 g;1;12535;12535;;;2329;Grupo Afin Farmacéutica SAS;01/09/2019;31/08/2020;;
001-004-131;DESONIDA CREMA 005 % X 15 G;Desonida 005%;1;5000;5000;;;2329;Grupo Afin Farmacéutica SAS;01/09/2019;31/08/2020;;
001-004-141;DESONIDA CREMA 01 % X 15 G;Desonida 01%;1;6354;6354;;;2329;Grupo Afin Farmacéutica SAS;01/09/2019;31/08/2020;;
001-004-161;DESONIDA EMULSION X 120 ML;Desonida 005%;1;18000;18000;;;2329;Grupo Afin Farmacéutica SAS;01/09/2019;31/08/2020;;
001-004-171;DESONIDA LOCION X 30 ML;Desonida 01%;1;16896;16896;;;2329;Grupo Afin Farmacéutica SAS;01/09/2019;31/08/2020;;
001-006-078;DEXLANZOPRAL 30 MG X 30 Caps;Dexlansoprazol 30 mg;30;4403;132107;;;2329;Grupo Afin Farmacéutica SAS;01/09/2019;31/08/2020;;
001-006-079;DEXLANZOPRAL 60 MG X 30 Caps;Dexlansoprazol 60 mg;30;5093;152799;;;2329;Grupo Afin Farmacéutica SAS;01/09/2019;31/08/2020;;
001-003-043;DIANTAL 400 MG X 100 TABS;Ibuprofeno Lisinato 400 mg;100;909;90900;;;2329;Grupo Afin Farmacéutica SAS;01/09/2019;31/08/2020;;
001-003-075;DIANTAL 600 MG X 10 TAB;Ibuprofeno Lisinato 600 mg;10;1653;16530;;;2329;Grupo Afin Farmacéutica SAS;01/09/2019;31/08/2020;;
001-003-074;DIANTAL 600 MG X 100 TABS;Ibuprofeno Lisinato 600 mg;100;1384;138400;;;2329;Grupo Afin Farmacéutica SAS;01/09/2019;31/08/2020;;
001-003-083;DIANTAL 800 MG X 100 TABS;Ibuprofeno Lisinato 800 mg;100;1555;155500;;;2329;Grupo Afin Farmacéutica SAS;01/09/2019;31/08/2020;;
001-003-084;DIANTAL 800 X 10TAB;Ibuprofeno Lisinato 800 mg;10;1857;18570;;;2329;Grupo Afin Farmacéutica SAS;01/09/2019;31/08/2020;;
001-003-021;DIANTAL SUSP FRESA X 120 ML;Ibuprofeno Lisinato 100 mg / 5 ml;1;12462;12462;;;2329;Grupo Afin Farmacéutica SAS;01/09/2019;31/08/2020;;
001-110-040;DIUREX 25 MG CAJA X  10 TAB;Indapamida 25 mg;10;460;4600;;;2329;Grupo Afin Farmacéutica SAS;01/09/2019;31/08/2020;;
001-006-060;DORIXINA RELAX X 100 COMP;Clonixinato de Lisina 125 mg Ciclobenzaprina Clorhidrato 5 mg;100;1072;107200;;;2329;Grupo Afin Farmacéutica SAS;01/09/2019;31/08/2020;;
001-006-053;DORIXINA RELAX X 20 COMP;Clonixinato de Lisina 125 mg Ciclobenzaprina Clorhidrato 5 mg;20;1760;35210;;;2329;Grupo Afin Farmacéutica SAS;01/09/2019;31/08/2020;;
001-110-042;DUOLIP 20/10 MG  X 30 TABLETAS;Simvastatina 20 mg + Ezetimiba 10 mg;30;2482;74460;;;2329;Grupo Afin Farmacéutica SAS;01/09/2019;31/08/2020;;
001-110-043;DUOLIP 40/10 MG  X 30 TABLETAS;Simvastatina 40 mg + Ezetimiba 10 mg;30;3142;94271;;;2329;Grupo Afin Farmacéutica SAS;01/09/2019;31/08/2020;;
001-110-044;DUOVAL 10/160 MG  X 30 TABLETAS;Amlodipino 10 mg + Valsartan 160 mg;30;3674;110220;;;2329;Grupo Afin Farmacéutica SAS;01/09/2019;31/08/2020;;
001-110-045;DUOVAL 5/160 MG  X 30 TABLETAS;Amlodipino 5 mg + Valsartan 160 mg;30;3367;101039;;;2329;Grupo Afin Farmacéutica SAS;01/09/2019;31/08/2020;;
001-110-046;DUOVAL 5/80 MG  X 30 TABLETAS;Amlodipino 5 mg + Valsartan 80 mg;30;2740;82200;;;2329;Grupo Afin Farmacéutica SAS;01/09/2019;31/08/2020;;
001-110-047;DUOVAL H 10/160/125 MG X 30 TAB;Amlodipino 10 mg + Valsartan 160 mg + Hidroclorotiazida 125 mg;30;4867;146010;;;2329;Grupo Afin Farmacéutica SAS;01/09/2019;31/08/2020;;
001-110-048;DUOVAL H 5/160/12,5 MG X 30 TAB;Amlodipino 5 mg + Valsartan 160 mg + Hidroclorotiazida 125 mg;30;3932;117960;;;2329;Grupo Afin Farmacéutica SAS;01/09/2019;31/08/2020;;
001-500-613;EDAPIL CHAMPU X 120 ML;Complejo 3D;1;32757;32757;;;2329;Grupo Afin Farmacéutica SAS;01/09/2019;31/08/2020;;
001-500-614;EDAPIL ESPUMA LOCIÓN X 150 ML;Complejo 3D;1;56250;56250;;;2329;Grupo Afin Farmacéutica SAS;01/09/2019;31/08/2020;;
001-500-615;EDAPIL M ESPUMA X 100 G;Minoxidil 5%;1;62290;62290;;;2329;Grupo Afin Farmacéutica SAS;01/09/2019;31/08/2020;;
001-500-181;EMOLIN NEO X 240 G;Vitamina E/ D-Pantenol/ Acido Hialurónico;1;29057;29057;;;2329;Grupo Afin Farmacéutica SAS;01/09/2019;31/08/2020;;
001-006-054;ENDIAL 1 MG X 20 COMP;Cinitaprida 1 mg;20;2662;53240;;;2329;Grupo Afin Farmacéutica SAS;01/09/2019;31/08/2020;;
001-013-004;ERITROPOYETINA 2000 UI JERIN PRELL  CAJA X 100;Eritropoyetina alfa humana recombinante 2000 UI;100;3894;389400;;;2329;Grupo Afin Farmacéutica SAS;01/09/2019;31/08/2020;;
001-013-008;ERITROPOYETINA 4000 UI JERIN PRELL  CAJA X 100;Eritropoyetina alfa humana recombinante 4000 UI;100;6810;681000;;;2329;Grupo Afin Farmacéutica SAS;01/09/2019;31/08/2020;;
001-110-049;ESOMAX 10 MG CAJA X 28 CAP;Esomeprazol 10 mg;28;3142;87984;;;2329;Grupo Afin Farmacéutica SAS;01/09/2019;31/08/2020;;
001-110-052;ESOMAX 40 MG CAJA X 28 CAP;Esomeprazol 40 mg;28;1800;50400;;;2329;Grupo Afin Farmacéutica SAS;01/09/2019;31/08/2020;;
001-110-054;FENOLIP  200 MG CAJA X 30 CAPSULA;Fenofibrato 200 mg;30;3292;98760;;;2329;Grupo Afin Farmacéutica SAS;01/09/2019;31/08/2020;;
001-110-055;FENTRADOL 120 MG X 10 TABLETAS;Fexofenadina 120 mg;10;3674;36741,6;;;2329;Grupo Afin Farmacéutica SAS;01/09/2019;31/08/2020;;
001-110-057;FENTRADOL 180 MG X 10 TABLETAS;Fexofenadina 180 mg;10;5027;50279;;;2329;Grupo Afin Farmacéutica SAS;01/09/2019;31/08/2020;;
001-110-058;FIBROLIP 100 MG CAJA X 30 TABLETAS;Ciprofibrato 100 mg;30;646;19386;;;2329;Grupo Afin Farmacéutica SAS;01/09/2019;31/08/2020;;
001-013-010;FILGRASTIM 300 MG FCO AMP;Filgastrim 300 mcg;1;36000;36000;;;2329;Grupo Afin Farmacéutica SAS;01/09/2019;31/08/2020;;
001-500-190;FILTROSOL CREMA 50+ X 60 G;Tres filtros solares + Pantalla Solar + Vitamina E;1;37017;37017;;;2329;Grupo Afin Farmacéutica SAS;01/09/2019;31/08/2020;;
001-500-198;FILTROSOL GEL 50+ X 60 G;Cuatro filtros solares + Pantalla Solar + Vitamina E;1;38174;38174;;;2329;Grupo Afin Farmacéutica SAS;01/09/2019;31/08/2020;;
001-008-007;FOTORRETIN FCO 5 ML;Fenilefrina 50% + Tropicamida 05%;1;8928;8928;;;2329;Grupo Afin Farmacéutica SAS;01/09/2019;31/08/2020;;
001-110-063;GASPRID M 5 MG X 30 TABLETAS;Mosaprida 5 mg ;30;2030;60900;;;2329;Grupo Afin Farmacéutica SAS;01/09/2019;31/08/2020;;
001-013-006;GATIDEX SUSP OFTALMICA X 5 ML;Gatifloxacina 03% Dexametasona 01%;1;60348;60348;;;2329;Grupo Afin Farmacéutica SAS;01/09/2019;31/08/2020;;
001-004-221;GLAUCOMED X10 TABLETAS;Acetazolamida 250 mg;10;1255;12550;;;2329;Grupo Afin Farmacéutica SAS;01/09/2019;31/08/2020;;
001-008-019;GLAUCOPROST 3 ML;Travoprost 0004%;1;38153;38153;;;2329;Grupo Afin Farmacéutica SAS;01/09/2019;31/08/2020;;
001-008-008;GLAUCOTENSIL T 5 ML;Timolol maleato 05% - Dorzolamida 2%;1;49676;49676;;;2329;Grupo Afin Farmacéutica SAS;01/09/2019;31/08/2020;;
001-500-012;GLICOLIC CHAMPU X 240 ML;Acido Glicólico 10%;1;53960;53960;;;2329;Grupo Afin Farmacéutica SAS;01/09/2019;31/08/2020;;
001-500-003;GLICOLIC CREMA X 60 G;Acido Glicólico 10%;1;68028;68028;;;2329;Grupo Afin Farmacéutica SAS;01/09/2019;31/08/2020;;
001-500-022;GLICOLIC EMULSION X 120 ML;Acido Glicólico 5%;1;49490;49490;;;2329;Grupo Afin Farmacéutica SAS;01/09/2019;31/08/2020;;
001-500-032;GLICOLIC H LOCION X 60 ML;Acido Glicólico 10% + Hidroquinona 2%;1;65430;65430;;;2329;Grupo Afin Farmacéutica SAS;01/09/2019;31/08/2020;;
001-500-042;GLICOLIC LOCION X 60 ML;Acido Glicólico 10%;1;66758;66758;;;2329;Grupo Afin Farmacéutica SAS;01/09/2019;31/08/2020;;
001-008-017;GOTABIOTIC D FCO 5 ML;Tobramicina 03% Dexametasona21-Sodio Fosfato 0005% NafazolinaHCL 002%;1;32179;32179;;;2329;Grupo Afin Farmacéutica SAS;01/09/2019;31/08/2020;;
001-500-121;HIDRIBET 10% X 125 ML;Urea 10%;1;40211;40211;;;2329;Grupo Afin Farmacéutica SAS;01/09/2019;31/08/2020;;
001-500-131;HIDRIBET 5/5 X 125 ML;Urea 5% SPF 5;1;40211;40211;;;2329;Grupo Afin Farmacéutica SAS;01/09/2019;31/08/2020;;
001-115-016;HIDROLAGENO X 30 SOBRES;Colágeno Hidrolizado;30;1787;53610;;;2329;Grupo Afin Farmacéutica SAS;01/09/2019;31/08/2020;;
001-500-231;HYALIX X 60 G;Liposomas en Emulgel;1;53111;53111;;;2329;Grupo Afin Farmacéutica SAS;01/09/2019;31/08/2020;;
001-110-071;IBANAT 150 MG X 1 TABLETA;Acido Ibandronico 150 mg;1;113126;113126;;;2329;Grupo Afin Farmacéutica SAS;01/09/2019;31/08/2020;;
001-013-015;ICLACITIDINA 100 MG X 1 VIAL;Azacitidina;1;720000;720000;;;2329;Grupo Afin Farmacéutica SAS;01/09/2019;31/08/2020;;
001-006-421;ILIMIT 15 MG X 30;Aripiprazol 15 mg;30;3468;104041;;;2329;Grupo Afin Farmacéutica SAS;01/09/2019;31/08/2020;;
001-110-072;IRBEPREX 150 MG CAJA X 30 TAB;Irbesartan 150 mg;30;556;16686;;;2329;Grupo Afin Farmacéutica SAS;01/09/2019;31/08/2020;;
001-110-073;IRBEPREX 300 MG CAJA X 30 TAB;Irbesartan 300 mg;30;1112;33372;;;2329;Grupo Afin Farmacéutica SAS;01/09/2019;31/08/2020;;
001-110-074;IRBEPREX A 150/5 MG CAJA X 30 TAB;Irbesartan 150 mg + Amlodipino 5 mg;30;3809;114270;;;2329;Grupo Afin Farmacéutica SAS;01/09/2019;31/08/2020;;
001-110-075;IRBEPREX A 300/10 MG CAJA X 30 TAB;Irbesartan 300 mg + Amlodipino 10 mg;30;5446;163404;;;2329;Grupo Afin Farmacéutica SAS;01/09/2019;31/08/2020;;
001-110-076;IRBEPREX A 300/5 MG CAJA X 30 TAB;Irbesartan 300 mg + Amlodipino 5 mg;30;5027;150835;;;2329;Grupo Afin Farmacéutica SAS;01/09/2019;31/08/2020;;
001-110-077;IRBEPREX H 150/125 MG CAJA X 30 TAB;Irbesartan 150 mg + Hidroclorotiazida 125 mg;30;2192;65749;;;2329;Grupo Afin Farmacéutica SAS;01/09/2019;31/08/2020;;
001-110-078;IRBEPREX H 300/125 MG CAJA X 30 TAB;Irbesartan 300 mg + Hidroclorotiazida 125 mg;30;2481;74451;;;2329;Grupo Afin Farmacéutica SAS;01/09/2019;31/08/2020;;
001-500-251;KETOMED CHAMPU X 100 ML;Ketoconazol 2%;1;45951;45951;;;2329;Grupo Afin Farmacéutica SAS;01/09/2019;31/08/2020;;
001-001-152;KINOR NF X 10 ML;Acido Salicílico 20% + Acido Láctico 5%;1;28873;28873,8;;;2329;Grupo Afin Farmacéutica SAS;01/09/2019;31/08/2020;;
001-110-079;KLAMICINA 500 MG CAJA X 10 TAB;Claritromicina 500 mg;10;1547;15470;;;2329;Grupo Afin Farmacéutica SAS;01/09/2019;31/08/2020;;
001-500-273;LACTIBON FEM LOCION X 240 ML;Limpiador suave con Acido Láctico 11% D-Pantenol y Alantoina;1;25496;25496;;;2329;Grupo Afin Farmacéutica SAS;01/09/2019;31/08/2020;;
001-500-272;LACTIBON SYNDET BARRA X 120 G;Limpiador tipo Syndet + Acido Láctico;1;26894;26894;;;2329;Grupo Afin Farmacéutica SAS;01/09/2019;31/08/2020;;
001-500-271;LACTIBON X 120 ML;Limpiador suave con Acido Láctico 11%;1;25789;25789,5;;;2329;Grupo Afin Farmacéutica SAS;01/09/2019;31/08/2020;;
001-006-033;LAXALAN JARABE FCO X 220 ML;Lactulosa 333 g/ 5 ml;1;40680;40680;;;2329;Grupo Afin Farmacéutica SAS;01/09/2019;31/08/2020;;
001-110-081;LEFLUX 16 MG CAJA X 20 TABLETAS;Betahistina Clorhidrato 16 mg;20;3167;63340;;;2329;Grupo Afin Farmacéutica SAS;01/09/2019;31/08/2020;;
001-110-083;LEFLUX 8 MG CAJA X 30 TABLETAS;Betahistina Clorhidrato 8 mg;30;2111;63331;;;2329;Grupo Afin Farmacéutica SAS;01/09/2019;31/08/2020;;
001-110-084;LEUCOTREN 10 MG CAJA X 30 TAB;Montelukast 10 mg;30;1981;59436;;;2329;Grupo Afin Farmacéutica SAS;01/09/2019;31/08/2020;;
001-110-086;LEUCOTREN 4 MG CAJA X 30 TAB;Montelukast 4 mg;30;754;22635;;;2329;Grupo Afin Farmacéutica SAS;01/09/2019;31/08/2020;;
001-110-088;LEUCOTREN 5 MG CAJA X 30TAB;Montelukast 5 mg;30;943;28290;;;2329;Grupo Afin Farmacéutica SAS;01/09/2019;31/08/2020;;
001-110-089;LEVOPRAZ 5 MG X 10 TABLETAS;Levocetirizina 5 mg;10;4206;42060;;;2329;Grupo Afin Farmacéutica SAS;01/09/2019;31/08/2020;;
001-004-291;LEXINEX PLUS X 120 ML;Piritionato de Zinc + Activos naturales y biotecnológicos;1;40628;40628;;;2329;Grupo Afin Farmacéutica SAS;01/09/2019;31/08/2020;;
001-004-286;LEXINEX X 120 ML;Alquitrán de Hulla 4%;1;19686;19686;;;2329;Grupo Afin Farmacéutica SAS;01/09/2019;31/08/2020;;
001-008-300;LIDCLEAN  X 50 ML KIT;Contiene aceite de árbol de té australiano;1;46485;46485;;;2329;Grupo Afin Farmacéutica SAS;01/09/2019;31/08/2020;;
001-004-209;LITASINA SOL INYECTABLE X 300 ML;Linezolid 2 mg;1;108000;108000;;;2329;Grupo Afin Farmacéutica SAS;01/09/2019;31/08/2020;;
001-006-066;LOPRAL 15 mg x 30 caps;Lansoprazol 15 mg;30;1332;39960;;;2329;Grupo Afin Farmacéutica SAS;01/09/2019;31/08/2020;;
001-006-071;LOPRAL 30 MG CAJA X 30;Lansoprazol 30 mg;30;3865;115956;;;2329;Grupo Afin Farmacéutica SAS;01/09/2019;31/08/2020;;
001-006-071;LOPRAL 30 MG CAJA X 30;Lansoprazol 30 mg;30;3865;115956;;;2329;Grupo Afin Farmacéutica SAS;01/09/2019;31/08/2020;;
001-008-203;LOTEMICIN SUSPENSION  X 5 ML;Loteprednol Etabonato 05% + Tobramicina 03%;1;34035;34035;;;2329;Grupo Afin Farmacéutica SAS;01/09/2019;31/08/2020;;
001-008-014;LOTESOFT FCO 5 ML;Loteprednol Etabonato 05%;1;30000;30000;;;2329;Grupo Afin Farmacéutica SAS;01/09/2019;31/08/2020;;
001-008-011;LOUTEN FCO X 25 ML;Latanoprost 50 mcg/ml;1;14362;14362;;;2329;Grupo Afin Farmacéutica SAS;01/09/2019;31/08/2020;;
001-110-090;MACROZIT 500 MG  X 3 TAB;Azitromicina;3;9830;29490;;;2329;Grupo Afin Farmacéutica SAS;01/09/2019;31/08/2020;;
001-006-552;MARTESIA 150 MG X 30;Pregabalina 150 mg;30;600;18000;;;2329;Grupo Afin Farmacéutica SAS;01/09/2019;31/08/2020;;
001-006-554;MARTESIA 25 MG X 30;Pregabalina 25 mg;30;408;12240;;;2329;Grupo Afin Farmacéutica SAS;01/09/2019;31/08/2020;;
001-006-553;MARTESIA 300 MG X 30;Pregabalina 300 mg;30;4903;147090;;;2329;Grupo Afin Farmacéutica SAS;01/09/2019;31/08/2020;;
001-006-551;MARTESIA 75 MG X 30;Pregabalina 75 mg;30;673;20190;;;2329;Grupo Afin Farmacéutica SAS;01/09/2019;31/08/2020;;
001-006-607;MATINAC 100 MG X 120 COMPRIMIDOS;Imatinib 100 mg;120;15938;1912560;;;2329;Grupo Afin Farmacéutica SAS;01/09/2019;31/08/2020;;
001-006-608;MATINAC 400 MG X 30 COMPRIMIDOS;Imatinib 400 mg;30;63000;1890000;;;2329;Grupo Afin Farmacéutica SAS;01/09/2019;31/08/2020;;
001-013-021;MICOFLAVIN 250 MG X 100 COMP;Micofenolato Mofetilo 250 mg;100;1620;162000;;;2329;Grupo Afin Farmacéutica SAS;01/09/2019;31/08/2020;;
001-013-020;MICOFLAVIN 500 MG X 50 COMP;Micofenolato Mofetilo 500 mg;50;4500;225000;;;2329;Grupo Afin Farmacéutica SAS;01/09/2019;31/08/2020;;
001-006-081;MIGRADORIXINA CAJA X 10;Clonixinato de Lisina 125 mg+Ergotamina 1 mg;10;1797;17970;;;2329;Grupo Afin Farmacéutica SAS;01/09/2019;31/08/2020;;
001-006-080;MIGRADORIXINA X 100 COMP;Clonixinato de Lisina 125 mg+Ergotamina 1 mg;100;1445;144500;;;2329;Grupo Afin Farmacéutica SAS;01/09/2019;31/08/2020;;
001-004-336;MINOT X 10;Minociclina 100 mg;10;3901;39010;;;2329;Grupo Afin Farmacéutica SAS;01/09/2019;31/08/2020;;
001-110-093;MIODAR 200 MG CAJA X 10 CAP;Celecoxib 200 mg;10;260;2600;;;2329;Grupo Afin Farmacéutica SAS;01/09/2019;31/08/2020;;
001-006-612;MULTIFLORA PLUS CAPS X 10;Cepas de Probióticos y Prebióticos;10;4342;43420;;;2329;Grupo Afin Farmacéutica SAS;01/09/2019;31/08/2020;;
001-006-613;MULTIFLORA PLUS CAPS X 30;Cepas de Probióticos y Prebióticos;30;2855;85650;;;2329;Grupo Afin Farmacéutica SAS;01/09/2019;31/08/2020;;
001-006-614;MULTIFLORA SOBRE X 14;Cepas de Probióticos y Prebióticos;14;4610;64540;;;2329;Grupo Afin Farmacéutica SAS;01/09/2019;31/08/2020;;
001-006-615;MULTIFLORA SOBRE X 6;Cepas de Probióticos y Prebióticos;6;6063;36378;;;2329;Grupo Afin Farmacéutica SAS;01/09/2019;31/08/2020;;
001-006-058;NEOZENTIUS COMP 10 MG X 28;Escitalopram 10 mg;28;990;27720;;;2329;Grupo Afin Farmacéutica SAS;01/09/2019;31/08/2020;;
001-006-602;NEOZENTIUS COMP 20 MG X 14;Escitalopram 20 mg;14;3000;42000;;;2329;Grupo Afin Farmacéutica SAS;01/09/2019;31/08/2020;;
001-110-095;NEVITEN 5 MG 30 TAB;Nebivolol Clorhidrato 5 mg;30;1382;41460;;;2329;Grupo Afin Farmacéutica SAS;01/09/2019;31/08/2020;;
001-110-100;NIZOX SUSPENSION 100 MG / 5 ML FRASCO X 60 ML;Nitazoxanida 100 mg/ 5 ml;1;31356;31356;;;2329;Grupo Afin Farmacéutica SAS;01/09/2019;31/08/2020;;
001-500-052;NUTREM CREMA X 30 G;Vitamina C Vitamina E D Pantenol  Vitamina A;1;60080;60080;;;2329;Grupo Afin Farmacéutica SAS;01/09/2019;31/08/2020;;
001-008-021;OFTAFLOX GOTAS X 5 ML;Dexametasona 1mg+Polimixina-B 1mg+Neomicina 35mg;1;13300;13300;;;2329;Grupo Afin Farmacéutica SAS;01/09/2019;31/08/2020;;
001-008-031;OFTAFLOX UNGUENTO X 5 G;Dexametasona 1mg+Polimixina-B 1mg+Neomicina 35mg;1;18824;18824;;;2329;Grupo Afin Farmacéutica SAS;01/09/2019;31/08/2020;;
001-110-104;OLAZAP 10 MG CAJA X 30 TABLETAS;Olanzapina 10 mg;30;140;4200;;;2329;Grupo Afin Farmacéutica SAS;01/09/2019;31/08/2020;;
001-110-106;OLAZAP 5 MG CAJA X 30 TAB;Olanzapina 5 mg;30;110;3300;;;2329;Grupo Afin Farmacéutica SAS;01/09/2019;31/08/2020;;
001-110-108;OLMEPREX 20 MG X 30 TABLETAS;Olmesartan medoxomil 20 mg;30;666;19980;;;2329;Grupo Afin Farmacéutica SAS;01/09/2019;31/08/2020;;
001-110-109;OLMEPREX 40 MG X 30 TABLETAS;Olmesartan medoxomil 40 mg;30;1333;39990;;;2329;Grupo Afin Farmacéutica SAS;01/09/2019;31/08/2020;;
001-008-182;OLOPAT SOLUCION OFT 0,2% X 5 ML;Olopatadina 02%;1;10000;10000;;;2329;Grupo Afin Farmacéutica SAS;01/09/2019;31/08/2020;;
001-110-110;OMEX 40 MG X 15 CAPSULAS;Omeprazol 40 mg;15;3307;49608;;;2329;Grupo Afin Farmacéutica SAS;01/09/2019;31/08/2020;;
001-110-112;ONDAX 4 MG CAJA X 10 TAB;Ondansetron 4 mg ;10;773;7730;;;2329;Grupo Afin Farmacéutica SAS;01/09/2019;31/08/2020;;
001-110-111;ONDAX 4 MG X  1 AMPOLLA;Ondansetron 4 mg ;1;8121;8121;;;2329;Grupo Afin Farmacéutica SAS;01/09/2019;31/08/2020;;
001-110-113;ONDAX 8 MG CAJA X 1 AMPOLLA;Ondansetron 8 mg ;1;10152;10152;;;2329;Grupo Afin Farmacéutica SAS;01/09/2019;31/08/2020;;
001-110-114;ONDAX 8 MG CAJA X 10 TAB;Ondansetron 8 mg ;10;758;7580;;;2329;Grupo Afin Farmacéutica SAS;01/09/2019;31/08/2020;;
001-110-116;ORLIX 40 MG  X 30 TABLETAS;Bromuro de Otilonio 40 mg;30;1300;39000;;;2329;Grupo Afin Farmacéutica SAS;01/09/2019;31/08/2020;;
001-008-051;OXIMISYN GOTAS  X 5 ML;Oximetazolina Clorhidrato 0025%;1;13274;13274;;;2329;Grupo Afin Farmacéutica SAS;01/09/2019;31/08/2020;;
001-110-189;PAGLIX 125 MG CAJA X 60 TABLETAS;Bosentan 125 mg;60;22000;1320000;;;2329;Grupo Afin Farmacéutica SAS;01/09/2019;31/08/2020;;
001-110-188;PAGLIX 62,5 MG CAJA X 60 TABLETAS;Bosentan 625 mg;60;8000;480000;;;2329;Grupo Afin Farmacéutica SAS;01/09/2019;31/08/2020;;
001-110-117;PANTOPRAX 20 MG X 30 TAB;Pantoprazol 20 mg;30;4093;122795;;;2329;Grupo Afin Farmacéutica SAS;01/09/2019;31/08/2020;;
001-110-118;PANTOPRAX 40 MG CAJA X 30 TAB;Pantoprazol 40 mg;30;4431;132947;;;2329;Grupo Afin Farmacéutica SAS;01/09/2019;31/08/2020;;
001-006-560;PIASCLEDINE 300 MG X 30;Insaponificables de Persea gratissima 100 mg y Glicina Max 200 mg;30;3366;100980;;;2329;Grupo Afin Farmacéutica SAS;01/09/2019;31/08/2020;;
001-500-431;PIRIMED X 120 ML;Piritionato de Zinc 1% + Acondicionador;1;24066;24066;;;2329;Grupo Afin Farmacéutica SAS;01/09/2019;31/08/2020;;
001-008-052;POENGATIF 5 ML;Gatifloxacina 03%;1;37320;37320;;;2329;Grupo Afin Farmacéutica SAS;01/09/2019;31/08/2020;;
001-006-031;PREDNISOLIN FRASCO X 50 ML+COPA DOS X 5 ML;Prednisolona 3 mg / 1 ml;1;47414;47414;;;2329;Grupo Afin Farmacéutica SAS;01/09/2019;31/08/2020;;
001-500-438;PRESIDERM UNG X 15 G;Mupirocina 2%;1;30000;30000;;;2329;Grupo Afin Farmacéutica SAS;01/09/2019;31/08/2020;;
001-500-171;PROCICAR CREMA X 60 G;Oxido de Zinc + Calamina 5%;1;15500;15500;;;2329;Grupo Afin Farmacéutica SAS;01/09/2019;31/08/2020;;
001-500-655;PROCICAR NF CREMA X 60 G;Oxido de Zinc + Calamina + D Pantenol + Acido Hialuronico;1;16320;16320;;;2329;Grupo Afin Farmacéutica SAS;01/09/2019;31/08/2020;;
001-110-123;PROPAFEN 150 MG CAJA X 30 TAB;Propafenona 150 mg;30;175;5250;;;2329;Grupo Afin Farmacéutica SAS;01/09/2019;31/08/2020;;
001-110-125;PROSTARIDE 2 MG X 30 TABLETAS;Doxasozina 2 mg;30;1273;38192;;;2329;Grupo Afin Farmacéutica SAS;01/09/2019;31/08/2020;;
001-110-127;PROSTARIDE 4 MG X 30 TABLETAS;Doxasozina 4 mg;30;296;8880;;;2329;Grupo Afin Farmacéutica SAS;01/09/2019;31/08/2020;;
001-110-130;QUINOMAX 400 MG CAJA X 7 TAB;Moxifloxacina 400 mg;7;6624;46368;;;2329;Grupo Afin Farmacéutica SAS;01/09/2019;31/08/2020;;
001-013-014;RANLAT 800 MG X 60 TAB;Sevelámero Carbonato;60;3000;180000;;;2329;Grupo Afin Farmacéutica SAS;01/09/2019;31/08/2020;;
001-110-131;RIFABAC 200 MG X 12 TABLETAS;Rifaximina 200 mg;12;3948;47376;;;2329;Grupo Afin Farmacéutica SAS;01/09/2019;31/08/2020;;
001-110-030;RIFABAC 550 mg X 14 TAB;Rifaximina 550 mg;14;6017;84238;;;2329;Grupo Afin Farmacéutica SAS;01/09/2019;31/08/2020;;
001-110-132;RINOSAL 005% X 10 GRAMOS;Mometasona de furoato  50 mcg por cada 100 mg;1;39780;39780;;;2329;Grupo Afin Farmacéutica SAS;01/09/2019;31/08/2020;;
001-110-133;RINOSAL 005% X 18 GRAMOS;Mometasona de furoato  50 mcg por cada 100 mg;1;58968;58968;;;2329;Grupo Afin Farmacéutica SAS;01/09/2019;31/08/2020;;
001-110-136;RINOTADIN 5 MG CAJA X 10 TAB;Desloratadina 5 mg;10;3190;31908;;;2329;Grupo Afin Farmacéutica SAS;01/09/2019;31/08/2020;;
001-110-137;RISEMAX 120 MG CAJA X 60 CAP;Orlistat 120 mg;60;1833;109980;;;2329;Grupo Afin Farmacéutica SAS;01/09/2019;31/08/2020;;
001-110-138;ROSUVAX 10 MG CAJA X 30 TABLETAS;Rosuvastatina 10 mg;30;4174;125220;;;2329;Grupo Afin Farmacéutica SAS;01/09/2019;31/08/2020;;
001-110-140;ROSUVAX 20 MG CAJA X 30 TABLETAS;Rosuvastatina 20 mg;30;4931;147930;;;2329;Grupo Afin Farmacéutica SAS;01/09/2019;31/08/2020;;
001-110-141;ROSUVAX 40 MG CAJA X 30 TABLETAS;Rosuvastatina 40 mg;30;5801;174030;;;2329;Grupo Afin Farmacéutica SAS;01/09/2019;31/08/2020;;
001-110-142;ROSUVAX E 10/10  MG CAJA X 30 TABLETAS;Rosuvastatina 10 mg + Ezetimiba 10 mg;30;4560;136800;;;2329;Grupo Afin Farmacéutica SAS;01/09/2019;31/08/2020;;
001-110-143;ROSUVAX E 20/10  MG CAJA X 30 TABLETAS;Rosuvastatina 10 mg + Ezetimiba 20 mg;30;5495;164850;;;2329;Grupo Afin Farmacéutica SAS;01/09/2019;31/08/2020;;
001-500-265;ROZELAIC GEL X 30 G;Acido Azelaico 15%;1;50950;50950;;;2329;Grupo Afin Farmacéutica SAS;01/09/2019;31/08/2020;;
001-500-442;SALILEX BARRA X 120 G;Acido Salicílico + Avena coloidal en base Syndet suave;1;28089;28089;;;2329;Grupo Afin Farmacéutica SAS;01/09/2019;31/08/2020;;
001-500-445;SALILEX PADS X 30 POMOS;Acido Salicílico 2% + D - Pantenol;1;33841;33841;;;2329;Grupo Afin Farmacéutica SAS;01/09/2019;31/08/2020;;
001-006-091;SERTAL COMP AMP CAJA X 3;Clonixinato de Lisina 100 mg/2ml + Propinox Clorhidrato 15 mg/2 ml;3;7726;23178;;;2329;Grupo Afin Farmacéutica SAS;01/09/2019;31/08/2020;;
001-006-101;SERTAL COMP COMPRECUB CAJA X 10;Propinox 10 mg + Clonixinato de Lisina 125 mg;10;1555;15557;;;2329;Grupo Afin Farmacéutica SAS;01/09/2019;31/08/2020;;
001-006-100;SERTAL COMP X 100 COMP RECUB;Propinox 10 mg + Clonixinato de Lisina 125 mg;100;1244;124461;;;2329;Grupo Afin Farmacéutica SAS;01/09/2019;31/08/2020;;
001-006-111;SERTAL GOTAS FCO X 20 ML;Propinox 10 mg/ml;1;16076;16076;;;2329;Grupo Afin Farmacéutica SAS;01/09/2019;31/08/2020;;
001-006-126;SERTAL X 20 COMPRIMIDOS;Propinox 10 mg;20;1437;28756;;;2329;Grupo Afin Farmacéutica SAS;01/09/2019;31/08/2020;;
001-004-586;SINAC GEL X 30 G;Clindamicina 1% Peroxido de Benzoilo 5% ;1;62700;62700;;;2329;Grupo Afin Farmacéutica SAS;01/09/2019;31/08/2020;;
001-110-145;SULIMAX 500 MG 30 TABLETAS;Mesalazina 500 mg;30;1093;32805;;;2329;Grupo Afin Farmacéutica SAS;01/09/2019;31/08/2020;;
001-110-146;SULPRID 25 MG X 20 TABLETAS;Levosulpirida 25 mg;20;3408;68160;;;2329;Grupo Afin Farmacéutica SAS;01/09/2019;31/08/2020;;
001-008-191;TALOF GOTAS X 5 ML;Loteprednol Etabonato 02%;1;30500;30500;;;2329;Grupo Afin Farmacéutica SAS;01/09/2019;31/08/2020;;
001-110-150;TAZEPIN 30 MG CAJA  X 20 TAB;Mirtazapina 30 mg;20;450;9000;;;2329;Grupo Afin Farmacéutica SAS;01/09/2019;31/08/2020;;
001-110-193;TIAMAX 100 MG X 30 TABLETAS;Quetiapina 100 mg;30;1674;50220;;;2329;Grupo Afin Farmacéutica SAS;01/09/2019;31/08/2020;;
001-110-194;TIAMAX 200 MG X 30 TABLETAS;Quetiapina 200 mg;30;3348;100440;;;2329;Grupo Afin Farmacéutica SAS;01/09/2019;31/08/2020;;
001-110-155;TIAMAX 25 MG X 30 TABLETAS;Quetiapina 25 mg;30;296;8880;;;2329;Grupo Afin Farmacéutica SAS;01/09/2019;31/08/2020;;
001-008-101;TOPTEAR FCO 10 ML;Hialuronato de Sodio 04%;1;25500;25500;;;2329;Grupo Afin Farmacéutica SAS;01/09/2019;31/08/2020;;
001-008-102;TOPTEAR P SOL OFT X 10 ML;Hialuronato de Sodio 02%;1;19199;19199;;;2329;Grupo Afin Farmacéutica SAS;01/09/2019;31/08/2020;;
001-006-141;TRACTAL 1 MG X 30 CREC;Risperidona 1 mg;30;338;10140;;;2329;Grupo Afin Farmacéutica SAS;01/09/2019;31/08/2020;;
001-006-142;TRACTAL 2 MG X 30 CREC;Risperidona 2 mg;30;676;20280;;;2329;Grupo Afin Farmacéutica SAS;01/09/2019;31/08/2020;;
001-006-089;TRACTAL GOTAS X 20 ML;Risperidona 1 mg;1;7826;7826;;;2329;Grupo Afin Farmacéutica SAS;01/09/2019;31/08/2020;;
001-500-103;UMBRELLA CREMA 50+ X 60G;Pantalla + 3 filtros solares + Vitamina E;1;62063;62063;;;2329;Grupo Afin Farmacéutica SAS;01/09/2019;31/08/2020;;
001-500-104;UMBRELLA GEL 50+ X 60 G;Pantalla + 3  filtros solares;1;45839;45839;;;2329;Grupo Afin Farmacéutica SAS;01/09/2019;31/08/2020;;
001-500-118;UMBRELLA INTELLIGENT SPF 100 X 50 G;Protector solar de ultima generación SPF 100 con amplio espectro;1;61617;61617;;;2329;Grupo Afin Farmacéutica SAS;01/09/2019;31/08/2020;;
001-500-078;UMBRELLA KIDS MAX X 60 G;Pantallas + 4 filtros solares + Aloe vera;1;42800;42800;;;2329;Grupo Afin Farmacéutica SAS;01/09/2019;31/08/2020;;
001-500-106;UMBRELLA KIDS RESISTENTE AL AGUA 50+ X 120 G;Filtros solares en vehiculo resistente al agua;1;61049;61049;;;2329;Grupo Afin Farmacéutica SAS;01/09/2019;31/08/2020;;
001-500-102;UMBRELLA KIDS WP   X 120 G;Filtros solares en vehiculo resistente al agua;1;53651;53651;;;2329;Grupo Afin Farmacéutica SAS;01/09/2019;31/08/2020;;
001-500-597;UMBRELLA MAX RESISTENTE AL AGUA X 60 G;Pantallas + 4 filtros solares + Aloe vera;1;45113;45113;;;2329;Grupo Afin Farmacéutica SAS;01/09/2019;31/08/2020;;
001-500-598;UMBRELLA MAX X 100 G;2 Pantallas + 5 filtros solares;1;70561;70561;;;2329;Grupo Afin Farmacéutica SAS;01/09/2019;31/08/2020;;
001-500-105;UMBRELLA PLUS 50+ X 120 G;Pantalla + filtros solares + Vitamina E;1;45839;45839;;;2329;Grupo Afin Farmacéutica SAS;01/09/2019;31/08/2020;;
001-500-114;UMBRELLA RESISTENTE AL AGUA 50+ TUBO X 225 G;Filtros solares en vehiculo resistente al agua;1;75770;75770;;;2329;Grupo Afin Farmacéutica SAS;01/09/2019;31/08/2020;;
001-006-154;UMQUAN COMP X 15 TABS;Pelargonium Sidoides;15;2665;39975;;;2329;Grupo Afin Farmacéutica SAS;01/09/2019;31/08/2020;;
001-006-152;UMQUAN GOTAS X 20 ML;Pelargonium Sidoides;1;32126;32126;;;2329;Grupo Afin Farmacéutica SAS;01/09/2019;31/08/2020;;
001-006-153;UMQUAN GOTAS X 50 ML;Pelargonium Sidoides;1;48995;48995;;;2329;Grupo Afin Farmacéutica SAS;01/09/2019;31/08/2020;;
001-004-461;UREADERM 10% X 60 G;Urea 10%;1;22000;22000;;;2329;Grupo Afin Farmacéutica SAS;01/09/2019;31/08/2020;;
001-004-472;UREADERM 15% X 60 G;Urea 15%;1;27000;27000;;;2329;Grupo Afin Farmacéutica SAS;01/09/2019;31/08/2020;;
001-500-483;UREADERM 20% ESPUMA X 150 ML;Urea;1;49140;49140;;;2329;Grupo Afin Farmacéutica SAS;01/09/2019;31/08/2020;;
001-500-481;UREADERM LACTATO X 225G;Urea 5% + Acido Láctico 8%;1;36000;36000;;;2329;Grupo Afin Farmacéutica SAS;01/09/2019;31/08/2020;;
001-110-156;UROFLAV 500 MG CAJA X 10 TABLETAS;Levofloxacina Hemihidrato 500 mg;10;7252;72520;;;2329;Grupo Afin Farmacéutica SAS;01/09/2019;31/08/2020;;
001-110-158;UROFLAV 750 MG CAJA X 5 TABLETAS;Levofloxacina Hemihidrato 750 mg;5;17404;87020;;;2329;Grupo Afin Farmacéutica SAS;01/09/2019;31/08/2020;;
001-500-202;UVEIL PS PIEL CLARA X 60 G;Dióxido de Titanio Tonalizado;1;57193;57193;;;2329;Grupo Afin Farmacéutica SAS;01/09/2019;31/08/2020;;
001-110-160;VALCOX 10 MG X 30 TABLETAS;Memantina 10 mg;30;1605;48150;;;2329;Grupo Afin Farmacéutica SAS;01/09/2019;31/08/2020;;
001-110-166;VALSAPREX   H 160/125 MG CAJA X 28 TABLETAS;Valsartan 160 mg + Hidroclorotiazida 125 mg;28;2435;68180;;;2329;Grupo Afin Farmacéutica SAS;01/09/2019;31/08/2020;;
001-110-162;VALSAPREX  160 MG CAJA X 28 TAB;Valsartan 160 mg;28;1193;33425;;;2329;Grupo Afin Farmacéutica SAS;01/09/2019;31/08/2020;;
001-110-164;VALSAPREX  80 MG CAJA X 28 TAB;Valsartan 80 mg;28;596;16713;;;2329;Grupo Afin Farmacéutica SAS;01/09/2019;31/08/2020;;
001-110-168;VALSAPREX H 80/12,5 MG CAJA X 28 TAB;Valsartan 80 mg + Hidroclorotiazida 125 mg;28;1709;47852;;;2329;Grupo Afin Farmacéutica SAS;01/09/2019;31/08/2020;;
001-110-169;VASIP 80 MG  CAJA X 30 TAB;Ginkgo Biloba 80 mg;30;842;25260;;;2329;Grupo Afin Farmacéutica SAS;01/09/2019;31/08/2020;;
001-110-170;VENOMAX 500 MG CAJA X 30 TAB;Diosmina 450 mg + Hesperidina 50 mg;30;2402;72060;;;2329;Grupo Afin Farmacéutica SAS;01/09/2019;31/08/2020;;
001-500-511;VIROSUPRIL CREMA X 5 G;Imiquimod 5%;1;55773;55773;;;2329;Grupo Afin Farmacéutica SAS;01/09/2019;31/08/2020;;
001-008-205;XEGREX SOLUCIÓN OFTÁLMICA x 5 ML;Dorzolamida 20 mg + Brimonidina Tartrato 2 mg + Timolol 5 mg;1;49675;49675;;;2329;Grupo Afin Farmacéutica SAS;01/09/2019;31/08/2020;;
001-110-171;XIFEN 80 MG X 30 TABLETAS;Telmisartan 80 mg;30;724;21720;;;2329;Grupo Afin Farmacéutica SAS;01/09/2019;31/08/2020;;
001-006-193;ZENTIUS COMP 20 MG X 30;Citalopram 20 mg;30;3600;108000;;;2329;Grupo Afin Farmacéutica SAS;01/09/2019;31/08/2020;;
001-110-174;ZOPLIMAX 2 MG 30 TABLETAS;Eszopiclona 2 mg;30;650;19500;;;2329;Grupo Afin Farmacéutica SAS;01/09/2019;31/08/2020;;
001-110-175;ZOPLIMAX 3 MG 30 TABLETAS;Eszopiclona 3 mg;30;790;23700;;;2329;Grupo Afin Farmacéutica SAS;01/09/2019;31/08/2020;;
001-500-026;ZUDENINA F GEL X 30;Adapalene 03%;1;66651;66651;;;2329;Grupo Afin Farmacéutica SAS;01/09/2019;31/08/2020;;
001-500-024;ZUDENINA GEL X 30 G;Adapalene 01%;1;59500;59500;;;2329;Grupo Afin Farmacéutica SAS;01/09/2019;31/08/2020;;
001-500-030;ZUDENINA PLUS GEL X 30;Adapalene 01% Clindamicina 1%;1;57750;57750;;;2329;Grupo Afin Farmacéutica SAS;01/09/2019;31/08/2020;;
